target,feature,importance
total_queries_count,ts_submit,0.001202055
total_queries_count,hour,0.008323723
total_queries_count,day_of_week,0.001468967
total_queries_count,day_of_month,0.0008723229
total_queries_count,hour_sin,0.00015458596
total_queries_count,hour_cos,0.002008172
total_queries_count,dow_sin,5.3206542e-05
total_queries_count,dow_cos,0.0016707174
total_queries_count,total_queries_count_lag_1,0.009654155
total_queries_count,total_queries_count_lag_2,0.0055981777
total_queries_count,total_queries_count_lag_3,0.0023419177
total_queries_count,total_queries_count_lag_5,0.0015961725
total_queries_count,total_queries_count_lag_10,0.0018914822
total_queries_count,aggregation_queries_count_lag_1,0.00034171424
total_queries_count,aggregation_queries_count_lag_2,0.0020537733
total_queries_count,aggregation_queries_count_lag_3,0.00038967785
total_queries_count,aggregation_queries_count_lag_5,0.0022083751
total_queries_count,aggregation_queries_count_lag_10,2.824238e-05
total_queries_count,standard_queries_count_lag_1,0.013561863
total_queries_count,standard_queries_count_lag_2,0.0075648054
total_queries_count,standard_queries_count_lag_3,0.0003074193
total_queries_count,standard_queries_count_lag_5,8.765e-05
total_queries_count,standard_queries_count_lag_10,9.222948e-06
total_queries_count,first_name_queries_count_lag_1,0.0026594424
total_queries_count,first_name_queries_count_lag_2,0.0007231516
total_queries_count,first_name_queries_count_lag_3,4.5249057e-05
total_queries_count,first_name_queries_count_lag_5,0.0023476048
total_queries_count,first_name_queries_count_lag_10,8.152153e-05
total_queries_count,last_name_queries_count_lag_1,0.0015876392
total_queries_count,last_name_queries_count_lag_2,0.0046736742
total_queries_count,last_name_queries_count_lag_3,3.0374082e-05
total_queries_count,last_name_queries_count_lag_5,0.00022830257
total_queries_count,last_name_queries_count_lag_10,3.303402e-05
total_queries_count,country_queries_count_lag_1,0.0064443066
total_queries_count,country_queries_count_lag_2,0.009917386
total_queries_count,country_queries_count_lag_3,6.110437e-05
total_queries_count,country_queries_count_lag_5,1.9748175e-06
total_queries_count,country_queries_count_lag_10,3.3180577e-06
total_queries_count,other_queries_count_lag_1,0.0018588444
total_queries_count,other_queries_count_lag_2,0.0028478215
total_queries_count,other_queries_count_lag_3,0.00013812224
total_queries_count,other_queries_count_lag_5,2.1134834e-05
total_queries_count,other_queries_count_lag_10,4.9230504e-05
total_queries_count,total_queries_count_rolling_mean_3,0.12766829
total_queries_count,total_queries_count_rolling_std_3,0.008816873
total_queries_count,total_queries_count_rolling_min_3,0.009776671
total_queries_count,total_queries_count_rolling_max_3,0.060064584
total_queries_count,total_queries_count_rolling_mean_5,0.004383171
total_queries_count,total_queries_count_rolling_std_5,0.009033201
total_queries_count,total_queries_count_rolling_min_5,0.000463895
total_queries_count,total_queries_count_rolling_max_5,0.012233378
total_queries_count,total_queries_count_rolling_mean_10,0.017221384
total_queries_count,total_queries_count_rolling_std_10,0.00029502143
total_queries_count,total_queries_count_rolling_min_10,3.7332236e-05
total_queries_count,total_queries_count_rolling_max_10,0.0027035673
total_queries_count,total_queries_count_rolling_mean_20,0.00052137394
total_queries_count,total_queries_count_rolling_std_20,0.004378726
total_queries_count,total_queries_count_rolling_min_20,0.000344674
total_queries_count,total_queries_count_rolling_max_20,0.00032235167
total_queries_count,aggregation_queries_count_rolling_mean_3,0.026995184
total_queries_count,aggregation_queries_count_rolling_std_3,0.0003496903
total_queries_count,aggregation_queries_count_rolling_min_3,0.002207997
total_queries_count,aggregation_queries_count_rolling_max_3,0.0012628029
total_queries_count,aggregation_queries_count_rolling_mean_5,0.0015147482
total_queries_count,aggregation_queries_count_rolling_std_5,0.00012441291
total_queries_count,aggregation_queries_count_rolling_min_5,0.0010848917
total_queries_count,aggregation_queries_count_rolling_max_5,0.0020912255
total_queries_count,aggregation_queries_count_rolling_mean_10,2.4135417e-05
total_queries_count,aggregation_queries_count_rolling_std_10,0.00010768424
total_queries_count,aggregation_queries_count_rolling_min_10,5.9318478e-05
total_queries_count,aggregation_queries_count_rolling_max_10,1.444316e-05
total_queries_count,aggregation_queries_count_rolling_mean_20,0.0002945077
total_queries_count,aggregation_queries_count_rolling_std_20,0.0026433878
total_queries_count,aggregation_queries_count_rolling_min_20,1.38379755e-05
total_queries_count,aggregation_queries_count_rolling_max_20,7.0169385e-06
total_queries_count,aggregation_queries_count_ratio_lag1,3.0449324e-05
total_queries_count,standard_queries_count_ratio_lag1,1.1679879e-05
total_queries_count,first_name_queries_count_ratio_lag1,0.00068245817
total_queries_count,last_name_queries_count_ratio_lag1,9.650547e-05
total_queries_count,country_queries_count_ratio_lag1,0.00019602862
total_queries_count,other_queries_count_ratio_lag1,6.710081e-05
total_queries_count,total_queries_count_aggregation_queries_count_rolling_corr_10,0.0010314371
total_queries_count,total_queries_count_standard_queries_count_rolling_corr_10,0.00018767401
total_queries_count,total_queries_count_first_name_queries_count_rolling_corr_10,3.8950133e-05
total_queries_count,total_queries_count_last_name_queries_count_rolling_corr_10,1.8435674e-05
total_queries_count,total_queries_count_country_queries_count_rolling_corr_10,1.3860373e-05
total_queries_count,total_queries_count_other_queries_count_rolling_corr_10,9.482743e-05
total_queries_count,aggregation_queries_count_standard_queries_count_rolling_corr_10,3.7813488e-06
total_queries_count,aggregation_queries_count_first_name_queries_count_rolling_corr_10,6.282481e-05
total_queries_count,aggregation_queries_count_last_name_queries_count_rolling_corr_10,1.8516297e-05
total_queries_count,aggregation_queries_count_country_queries_count_rolling_corr_10,1.0033455e-05
total_queries_count,aggregation_queries_count_other_queries_count_rolling_corr_10,2.5971094e-05
total_queries_count,standard_queries_count_first_name_queries_count_rolling_corr_10,3.3497163e-05
total_queries_count,standard_queries_count_last_name_queries_count_rolling_corr_10,5.5318133e-06
total_queries_count,standard_queries_count_country_queries_count_rolling_corr_10,0.00016110552
total_queries_count,standard_queries_count_other_queries_count_rolling_corr_10,1.8522402e-05
total_queries_count,first_name_queries_count_last_name_queries_count_rolling_corr_10,2.7666226e-06
total_queries_count,first_name_queries_count_country_queries_count_rolling_corr_10,0.0013817326
total_queries_count,first_name_queries_count_other_queries_count_rolling_corr_10,3.311145e-06
total_queries_count,last_name_queries_count_country_queries_count_rolling_corr_10,3.7031346e-05
total_queries_count,last_name_queries_count_other_queries_count_rolling_corr_10,8.300679e-05
total_queries_count,country_queries_count_other_queries_count_rolling_corr_10,1.3677633e-05
total_queries_count,total_queries_count_trend_5,0.27997643
total_queries_count,total_queries_count_trend_10,0.013056519
total_queries_count,total_queries_count_trend_20,0.0036939827
total_queries_count,aggregation_queries_count_trend_5,0.13001156
total_queries_count,aggregation_queries_count_trend_10,4.6520392e-05
total_queries_count,aggregation_queries_count_trend_20,1.6463448e-05
total_queries_count,total_queries_count_pct_change_1,0.03289015
total_queries_count,total_queries_count_pct_change_3,0.0014467768
total_queries_count,total_queries_count_pct_change_5,0.004191712
total_queries_count,aggregation_queries_count_pct_change_1,0.0053838035
total_queries_count,aggregation_queries_count_pct_change_3,0.00023236754
total_queries_count,aggregation_queries_count_pct_change_5,0.00061949505
total_queries_count,standard_queries_count_pct_change_1,0.022707883
total_queries_count,standard_queries_count_pct_change_3,0.00022996585
total_queries_count,standard_queries_count_pct_change_5,0.00072956085
total_queries_count,first_name_queries_count_pct_change_1,0.025779
total_queries_count,first_name_queries_count_pct_change_3,0.0075631626
total_queries_count,first_name_queries_count_pct_change_5,3.551703e-05
total_queries_count,last_name_queries_count_pct_change_1,0.00905609
total_queries_count,last_name_queries_count_pct_change_3,0.0037416343
total_queries_count,last_name_queries_count_pct_change_5,0.00013251613
total_queries_count,country_queries_count_pct_change_1,0.041681964
total_queries_count,country_queries_count_pct_change_3,0.0019622305
total_queries_count,country_queries_count_pct_change_5,3.7627105e-05
total_queries_count,other_queries_count_pct_change_1,0.015671046
total_queries_count,other_queries_count_pct_change_3,0.00047976096
total_queries_count,other_queries_count_pct_change_5,9.403995e-05
aggregation_queries_count,ts_submit,0.0006262062
aggregation_queries_count,hour,0.005832778
aggregation_queries_count,day_of_week,0.00026404014
aggregation_queries_count,day_of_month,0.0019609376
aggregation_queries_count,hour_sin,0.00036480447
aggregation_queries_count,hour_cos,0.0012606875
aggregation_queries_count,dow_sin,4.3567758e-05
aggregation_queries_count,dow_cos,5.569514e-06
aggregation_queries_count,total_queries_count_lag_1,0.01278302
aggregation_queries_count,total_queries_count_lag_2,0.0064459103
aggregation_queries_count,total_queries_count_lag_3,0.00039312427
aggregation_queries_count,total_queries_count_lag_5,0.0012953132
aggregation_queries_count,total_queries_count_lag_10,0.00022207321
aggregation_queries_count,aggregation_queries_count_lag_1,0.00805235
aggregation_queries_count,aggregation_queries_count_lag_2,0.009461327
aggregation_queries_count,aggregation_queries_count_lag_3,0.00010931264
aggregation_queries_count,aggregation_queries_count_lag_5,0.0011039784
aggregation_queries_count,aggregation_queries_count_lag_10,9.501421e-05
aggregation_queries_count,standard_queries_count_lag_1,0.005553554
aggregation_queries_count,standard_queries_count_lag_2,0.0060938485
aggregation_queries_count,standard_queries_count_lag_3,6.933724e-05
aggregation_queries_count,standard_queries_count_lag_5,0.004429084
aggregation_queries_count,standard_queries_count_lag_10,0.0013275372
aggregation_queries_count,first_name_queries_count_lag_1,0.00034740017
aggregation_queries_count,first_name_queries_count_lag_2,0.0010837929
aggregation_queries_count,first_name_queries_count_lag_3,0.00018140487
aggregation_queries_count,first_name_queries_count_lag_5,0.0018604613
aggregation_queries_count,first_name_queries_count_lag_10,1.3296557e-05
aggregation_queries_count,last_name_queries_count_lag_1,0.0059799566
aggregation_queries_count,last_name_queries_count_lag_2,0.0005662912
aggregation_queries_count,last_name_queries_count_lag_3,8.903617e-05
aggregation_queries_count,last_name_queries_count_lag_5,0.00041179996
aggregation_queries_count,last_name_queries_count_lag_10,1.8844761e-05
aggregation_queries_count,country_queries_count_lag_1,0.0049288487
aggregation_queries_count,country_queries_count_lag_2,0.0005785287
aggregation_queries_count,country_queries_count_lag_3,0.00014237837
aggregation_queries_count,country_queries_count_lag_5,0.004668788
aggregation_queries_count,country_queries_count_lag_10,1.4770612e-05
aggregation_queries_count,other_queries_count_lag_1,0.0052355556
aggregation_queries_count,other_queries_count_lag_2,0.0009584048
aggregation_queries_count,other_queries_count_lag_3,0.00065457256
aggregation_queries_count,other_queries_count_lag_5,0.0014450315
aggregation_queries_count,other_queries_count_lag_10,3.350138e-05
aggregation_queries_count,total_queries_count_rolling_mean_3,0.013890648
aggregation_queries_count,total_queries_count_rolling_std_3,0.0094275605
aggregation_queries_count,total_queries_count_rolling_min_3,0.015269333
aggregation_queries_count,total_queries_count_rolling_max_3,0.028523091
aggregation_queries_count,total_queries_count_rolling_mean_5,0.0030804626
aggregation_queries_count,total_queries_count_rolling_std_5,0.00050212035
aggregation_queries_count,total_queries_count_rolling_min_5,0.0052341893
aggregation_queries_count,total_queries_count_rolling_max_5,0.0007929719
aggregation_queries_count,total_queries_count_rolling_mean_10,0.0032501514
aggregation_queries_count,total_queries_count_rolling_std_10,0.00022971943
aggregation_queries_count,total_queries_count_rolling_min_10,0.00010828788
aggregation_queries_count,total_queries_count_rolling_max_10,0.0069543244
aggregation_queries_count,total_queries_count_rolling_mean_20,0.002557863
aggregation_queries_count,total_queries_count_rolling_std_20,0.00030826245
aggregation_queries_count,total_queries_count_rolling_min_20,1.25584e-05
aggregation_queries_count,total_queries_count_rolling_max_20,0.00055891403
aggregation_queries_count,aggregation_queries_count_rolling_mean_3,0.13901517
aggregation_queries_count,aggregation_queries_count_rolling_std_3,0.011470142
aggregation_queries_count,aggregation_queries_count_rolling_min_3,0.008748749
aggregation_queries_count,aggregation_queries_count_rolling_max_3,0.027432173
aggregation_queries_count,aggregation_queries_count_rolling_mean_5,0.009543775
aggregation_queries_count,aggregation_queries_count_rolling_std_5,0.0008869279
aggregation_queries_count,aggregation_queries_count_rolling_min_5,0.0005645602
aggregation_queries_count,aggregation_queries_count_rolling_max_5,0.031024734
aggregation_queries_count,aggregation_queries_count_rolling_mean_10,0.005725529
aggregation_queries_count,aggregation_queries_count_rolling_std_10,0.00014909875
aggregation_queries_count,aggregation_queries_count_rolling_min_10,1.4079605e-05
aggregation_queries_count,aggregation_queries_count_rolling_max_10,9.1536356e-05
aggregation_queries_count,aggregation_queries_count_rolling_mean_20,0.00078768807
aggregation_queries_count,aggregation_queries_count_rolling_std_20,0.0021620314
aggregation_queries_count,aggregation_queries_count_rolling_min_20,1.8359868e-05
aggregation_queries_count,aggregation_queries_count_rolling_max_20,0.005241884
aggregation_queries_count,aggregation_queries_count_ratio_lag1,0.004302823
aggregation_queries_count,standard_queries_count_ratio_lag1,6.27847e-06
aggregation_queries_count,first_name_queries_count_ratio_lag1,2.8280923e-05
aggregation_queries_count,last_name_queries_count_ratio_lag1,0.0013917646
aggregation_queries_count,country_queries_count_ratio_lag1,5.2816667e-05
aggregation_queries_count,other_queries_count_ratio_lag1,7.779378e-05
aggregation_queries_count,total_queries_count_aggregation_queries_count_rolling_corr_10,0.0028916278
aggregation_queries_count,total_queries_count_standard_queries_count_rolling_corr_10,0.000917125
aggregation_queries_count,total_queries_count_first_name_queries_count_rolling_corr_10,0.00038437676
aggregation_queries_count,total_queries_count_last_name_queries_count_rolling_corr_10,0.00013537661
aggregation_queries_count,total_queries_count_country_queries_count_rolling_corr_10,2.7548323e-05
aggregation_queries_count,total_queries_count_other_queries_count_rolling_corr_10,0.00029739027
aggregation_queries_count,aggregation_queries_count_standard_queries_count_rolling_corr_10,6.2610675e-06
aggregation_queries_count,aggregation_queries_count_first_name_queries_count_rolling_corr_10,0.00044319817
aggregation_queries_count,aggregation_queries_count_last_name_queries_count_rolling_corr_10,1.8708162e-05
aggregation_queries_count,aggregation_queries_count_country_queries_count_rolling_corr_10,0.00018069053
aggregation_queries_count,aggregation_queries_count_other_queries_count_rolling_corr_10,2.533529e-05
aggregation_queries_count,standard_queries_count_first_name_queries_count_rolling_corr_10,0.00081261614
aggregation_queries_count,standard_queries_count_last_name_queries_count_rolling_corr_10,0.00010356904
aggregation_queries_count,standard_queries_count_country_queries_count_rolling_corr_10,1.7275688e-05
aggregation_queries_count,standard_queries_count_other_queries_count_rolling_corr_10,0.0006011931
aggregation_queries_count,first_name_queries_count_last_name_queries_count_rolling_corr_10,6.272223e-05
aggregation_queries_count,first_name_queries_count_country_queries_count_rolling_corr_10,9.054717e-05
aggregation_queries_count,first_name_queries_count_other_queries_count_rolling_corr_10,0.00055446534
aggregation_queries_count,last_name_queries_count_country_queries_count_rolling_corr_10,1.6924774e-05
aggregation_queries_count,last_name_queries_count_other_queries_count_rolling_corr_10,0.00013276223
aggregation_queries_count,country_queries_count_other_queries_count_rolling_corr_10,7.723529e-06
aggregation_queries_count,total_queries_count_trend_5,0.045740925
aggregation_queries_count,total_queries_count_trend_10,0.006438519
aggregation_queries_count,total_queries_count_trend_20,0.000116225965
aggregation_queries_count,aggregation_queries_count_trend_5,0.38785678
aggregation_queries_count,aggregation_queries_count_trend_10,0.00416726
aggregation_queries_count,aggregation_queries_count_trend_20,0.00032608802
aggregation_queries_count,total_queries_count_pct_change_1,0.0288044
aggregation_queries_count,total_queries_count_pct_change_3,0.0073635485
aggregation_queries_count,total_queries_count_pct_change_5,0.0001355806
aggregation_queries_count,aggregation_queries_count_pct_change_1,0.04447777
aggregation_queries_count,aggregation_queries_count_pct_change_3,0.0010247284
aggregation_queries_count,aggregation_queries_count_pct_change_5,0.00450192
aggregation_queries_count,standard_queries_count_pct_change_1,0.0012314933
aggregation_queries_count,standard_queries_count_pct_change_3,5.169763e-05
aggregation_queries_count,standard_queries_count_pct_change_5,2.9288467e-06
aggregation_queries_count,first_name_queries_count_pct_change_1,0.0018638186
aggregation_queries_count,first_name_queries_count_pct_change_3,5.277733e-05
aggregation_queries_count,first_name_queries_count_pct_change_5,0.000261493
aggregation_queries_count,last_name_queries_count_pct_change_1,0.0047039194
aggregation_queries_count,last_name_queries_count_pct_change_3,0.00073943584
aggregation_queries_count,last_name_queries_count_pct_change_5,8.147741e-05
aggregation_queries_count,country_queries_count_pct_change_1,0.009164264
aggregation_queries_count,country_queries_count_pct_change_3,0.0005194302
aggregation_queries_count,country_queries_count_pct_change_5,7.69398e-06
aggregation_queries_count,other_queries_count_pct_change_1,0.0056599826
aggregation_queries_count,other_queries_count_pct_change_3,0.00033040196
aggregation_queries_count,other_queries_count_pct_change_5,0.00020529231
standard_queries_count,ts_submit,0.000839494
standard_queries_count,hour,0.0055707367
standard_queries_count,day_of_week,0.0016567179
standard_queries_count,day_of_month,0.0005699643
standard_queries_count,hour_sin,0.00011044628
standard_queries_count,hour_cos,0.0009774247
standard_queries_count,dow_sin,5.4800385e-05
standard_queries_count,dow_cos,0.00033064728
standard_queries_count,total_queries_count_lag_1,0.0069539063
standard_queries_count,total_queries_count_lag_2,0.008050461
standard_queries_count,total_queries_count_lag_3,0.002339214
standard_queries_count,total_queries_count_lag_5,0.0014698758
standard_queries_count,total_queries_count_lag_10,0.0018293341
standard_queries_count,aggregation_queries_count_lag_1,0.0010324767
standard_queries_count,aggregation_queries_count_lag_2,0.0010836683
standard_queries_count,aggregation_queries_count_lag_3,0.00059945375
standard_queries_count,aggregation_queries_count_lag_5,0.0012929365
standard_queries_count,aggregation_queries_count_lag_10,0.00016896366
standard_queries_count,standard_queries_count_lag_1,0.013504309
standard_queries_count,standard_queries_count_lag_2,0.009924941
standard_queries_count,standard_queries_count_lag_3,0.00035672612
standard_queries_count,standard_queries_count_lag_5,1.674262e-05
standard_queries_count,standard_queries_count_lag_10,1.8529396e-05
standard_queries_count,first_name_queries_count_lag_1,0.0034661808
standard_queries_count,first_name_queries_count_lag_2,0.0017237542
standard_queries_count,first_name_queries_count_lag_3,0.00010181507
standard_queries_count,first_name_queries_count_lag_5,0.002118963
standard_queries_count,first_name_queries_count_lag_10,4.9354952e-05
standard_queries_count,last_name_queries_count_lag_1,0.0018624044
standard_queries_count,last_name_queries_count_lag_2,0.0036701122
standard_queries_count,last_name_queries_count_lag_3,8.948315e-05
standard_queries_count,last_name_queries_count_lag_5,7.516505e-06
standard_queries_count,last_name_queries_count_lag_10,8.721372e-05
standard_queries_count,country_queries_count_lag_1,0.0071617006
standard_queries_count,country_queries_count_lag_2,0.00577518
standard_queries_count,country_queries_count_lag_3,0.0003011321
standard_queries_count,country_queries_count_lag_5,0.0002287946
standard_queries_count,country_queries_count_lag_10,3.8894545e-05
standard_queries_count,other_queries_count_lag_1,0.0024281754
standard_queries_count,other_queries_count_lag_2,0.0026146034
standard_queries_count,other_queries_count_lag_3,0.00020164832
standard_queries_count,other_queries_count_lag_5,2.480953e-05
standard_queries_count,other_queries_count_lag_10,3.4812751e-06
standard_queries_count,total_queries_count_rolling_mean_3,0.124839656
standard_queries_count,total_queries_count_rolling_std_3,0.008671277
standard_queries_count,total_queries_count_rolling_min_3,0.012304456
standard_queries_count,total_queries_count_rolling_max_3,0.07471789
standard_queries_count,total_queries_count_rolling_mean_5,0.0043718414
standard_queries_count,total_queries_count_rolling_std_5,0.008657447
standard_queries_count,total_queries_count_rolling_min_5,0.00056403084
standard_queries_count,total_queries_count_rolling_max_5,0.013496931
standard_queries_count,total_queries_count_rolling_mean_10,0.018276542
standard_queries_count,total_queries_count_rolling_std_10,0.0048367144
standard_queries_count,total_queries_count_rolling_min_10,4.956732e-05
standard_queries_count,total_queries_count_rolling_max_10,0.002513819
standard_queries_count,total_queries_count_rolling_mean_20,0.00015175274
standard_queries_count,total_queries_count_rolling_std_20,0.005314031
standard_queries_count,total_queries_count_rolling_min_20,3.6372232e-05
standard_queries_count,total_queries_count_rolling_max_20,0.00031374613
standard_queries_count,aggregation_queries_count_rolling_mean_3,0.015032811
standard_queries_count,aggregation_queries_count_rolling_std_3,5.8342637e-05
standard_queries_count,aggregation_queries_count_rolling_min_3,0.0017449717
standard_queries_count,aggregation_queries_count_rolling_max_3,0.00023718206
standard_queries_count,aggregation_queries_count_rolling_mean_5,0.0033633157
standard_queries_count,aggregation_queries_count_rolling_std_5,0.00011717522
standard_queries_count,aggregation_queries_count_rolling_min_5,0.00036705012
standard_queries_count,aggregation_queries_count_rolling_max_5,3.3430144e-05
standard_queries_count,aggregation_queries_count_rolling_mean_10,0.00016208323
standard_queries_count,aggregation_queries_count_rolling_std_10,7.888843e-05
standard_queries_count,aggregation_queries_count_rolling_min_10,5.5247583e-05
standard_queries_count,aggregation_queries_count_rolling_max_10,3.9053477e-05
standard_queries_count,aggregation_queries_count_rolling_mean_20,0.0011567407
standard_queries_count,aggregation_queries_count_rolling_std_20,0.0016382365
standard_queries_count,aggregation_queries_count_rolling_min_20,4.0286905e-06
standard_queries_count,aggregation_queries_count_rolling_max_20,2.9770852e-05
standard_queries_count,aggregation_queries_count_ratio_lag1,3.6502122e-05
standard_queries_count,standard_queries_count_ratio_lag1,2.5727299e-05
standard_queries_count,first_name_queries_count_ratio_lag1,4.34435e-05
standard_queries_count,last_name_queries_count_ratio_lag1,2.9821897e-05
standard_queries_count,country_queries_count_ratio_lag1,0.0003187634
standard_queries_count,other_queries_count_ratio_lag1,0.00018191205
standard_queries_count,total_queries_count_aggregation_queries_count_rolling_corr_10,0.0005969057
standard_queries_count,total_queries_count_standard_queries_count_rolling_corr_10,0.0003018057
standard_queries_count,total_queries_count_first_name_queries_count_rolling_corr_10,6.286253e-05
standard_queries_count,total_queries_count_last_name_queries_count_rolling_corr_10,9.1893664e-05
standard_queries_count,total_queries_count_country_queries_count_rolling_corr_10,9.862545e-05
standard_queries_count,total_queries_count_other_queries_count_rolling_corr_10,0.0002846123
standard_queries_count,aggregation_queries_count_standard_queries_count_rolling_corr_10,5.702255e-05
standard_queries_count,aggregation_queries_count_first_name_queries_count_rolling_corr_10,0.00033733548
standard_queries_count,aggregation_queries_count_last_name_queries_count_rolling_corr_10,0.000164717
standard_queries_count,aggregation_queries_count_country_queries_count_rolling_corr_10,2.4383939e-05
standard_queries_count,aggregation_queries_count_other_queries_count_rolling_corr_10,0.00014105467
standard_queries_count,standard_queries_count_first_name_queries_count_rolling_corr_10,5.1763753e-05
standard_queries_count,standard_queries_count_last_name_queries_count_rolling_corr_10,2.9173754e-05
standard_queries_count,standard_queries_count_country_queries_count_rolling_corr_10,0.0011883527
standard_queries_count,standard_queries_count_other_queries_count_rolling_corr_10,9.883272e-06
standard_queries_count,first_name_queries_count_last_name_queries_count_rolling_corr_10,2.4402643e-05
standard_queries_count,first_name_queries_count_country_queries_count_rolling_corr_10,0.0008457767
standard_queries_count,first_name_queries_count_other_queries_count_rolling_corr_10,4.2047463e-06
standard_queries_count,last_name_queries_count_country_queries_count_rolling_corr_10,8.713236e-05
standard_queries_count,last_name_queries_count_other_queries_count_rolling_corr_10,4.2020907e-05
standard_queries_count,country_queries_count_other_queries_count_rolling_corr_10,3.843359e-05
standard_queries_count,total_queries_count_trend_5,0.30944455
standard_queries_count,total_queries_count_trend_10,0.009293849
standard_queries_count,total_queries_count_trend_20,0.0034633793
standard_queries_count,aggregation_queries_count_trend_5,0.0833687
standard_queries_count,aggregation_queries_count_trend_10,0.00054131733
standard_queries_count,aggregation_queries_count_trend_20,0.00015166169
standard_queries_count,total_queries_count_pct_change_1,0.049107008
standard_queries_count,total_queries_count_pct_change_3,0.0026814095
standard_queries_count,total_queries_count_pct_change_5,0.0048429216
standard_queries_count,aggregation_queries_count_pct_change_1,0.0010913851
standard_queries_count,aggregation_queries_count_pct_change_3,0.00019147262
standard_queries_count,aggregation_queries_count_pct_change_5,3.462072e-05
standard_queries_count,standard_queries_count_pct_change_1,0.036533583
standard_queries_count,standard_queries_count_pct_change_3,0.0022703523
standard_queries_count,standard_queries_count_pct_change_5,0.0007786009
standard_queries_count,first_name_queries_count_pct_change_1,0.022777244
standard_queries_count,first_name_queries_count_pct_change_3,0.0018290698
standard_queries_count,first_name_queries_count_pct_change_5,0.00034322124
standard_queries_count,last_name_queries_count_pct_change_1,0.008729561
standard_queries_count,last_name_queries_count_pct_change_3,0.0036419097
standard_queries_count,last_name_queries_count_pct_change_5,8.60821e-05
standard_queries_count,country_queries_count_pct_change_1,0.034372192
standard_queries_count,country_queries_count_pct_change_3,0.0027844226
standard_queries_count,country_queries_count_pct_change_5,0.00011405951
standard_queries_count,other_queries_count_pct_change_1,0.021124551
standard_queries_count,other_queries_count_pct_change_3,0.0004878647
standard_queries_count,other_queries_count_pct_change_5,0.00085509964
first_name_queries_count,ts_submit,0.00087961997
first_name_queries_count,hour,0.0047833053
first_name_queries_count,day_of_week,0.0007743096
first_name_queries_count,day_of_month,0.00068879017
first_name_queries_count,hour_sin,0.00037725273
first_name_queries_count,hour_cos,0.0017745488
first_name_queries_count,dow_sin,0.00050768175
first_name_queries_count,dow_cos,0.0008238358
first_name_queries_count,total_queries_count_lag_1,0.010889128
first_name_queries_count,total_queries_count_lag_2,0.006329405
first_name_queries_count,total_queries_count_lag_3,0.0018034508
first_name_queries_count,total_queries_count_lag_5,0.00062820205
first_name_queries_count,total_queries_count_lag_10,0.002260142
first_name_queries_count,aggregation_queries_count_lag_1,0.0016629146
first_name_queries_count,aggregation_queries_count_lag_2,0.0023768714
first_name_queries_count,aggregation_queries_count_lag_3,0.00044710079
first_name_queries_count,aggregation_queries_count_lag_5,0.00030561778
first_name_queries_count,aggregation_queries_count_lag_10,0.00015290771
first_name_queries_count,standard_queries_count_lag_1,0.015392826
first_name_queries_count,standard_queries_count_lag_2,0.009084908
first_name_queries_count,standard_queries_count_lag_3,0.0006850888
first_name_queries_count,standard_queries_count_lag_5,0.00036999633
first_name_queries_count,standard_queries_count_lag_10,0.00078049337
first_name_queries_count,first_name_queries_count_lag_1,0.011080613
first_name_queries_count,first_name_queries_count_lag_2,0.000783483
first_name_queries_count,first_name_queries_count_lag_3,0.00033211958
first_name_queries_count,first_name_queries_count_lag_5,0.002077706
first_name_queries_count,first_name_queries_count_lag_10,0.00011975505
first_name_queries_count,last_name_queries_count_lag_1,0.0010625012
first_name_queries_count,last_name_queries_count_lag_2,0.0031065906
first_name_queries_count,last_name_queries_count_lag_3,0.0006611457
first_name_queries_count,last_name_queries_count_lag_5,0.0012215457
first_name_queries_count,last_name_queries_count_lag_10,0.00011379855
first_name_queries_count,country_queries_count_lag_1,0.0047374363
first_name_queries_count,country_queries_count_lag_2,0.007767475
first_name_queries_count,country_queries_count_lag_3,0.0024362272
first_name_queries_count,country_queries_count_lag_5,0.00026987406
first_name_queries_count,country_queries_count_lag_10,1.8906023e-05
first_name_queries_count,other_queries_count_lag_1,0.00049255276
first_name_queries_count,other_queries_count_lag_2,0.0021196564
first_name_queries_count,other_queries_count_lag_3,0.00025646467
first_name_queries_count,other_queries_count_lag_5,0.00012849008
first_name_queries_count,other_queries_count_lag_10,0.0014548787
first_name_queries_count,total_queries_count_rolling_mean_3,0.12600464
first_name_queries_count,total_queries_count_rolling_std_3,0.008396759
first_name_queries_count,total_queries_count_rolling_min_3,0.009796977
first_name_queries_count,total_queries_count_rolling_max_3,0.08759715
first_name_queries_count,total_queries_count_rolling_mean_5,0.011747305
first_name_queries_count,total_queries_count_rolling_std_5,0.013906656
first_name_queries_count,total_queries_count_rolling_min_5,0.005010542
first_name_queries_count,total_queries_count_rolling_max_5,0.010555251
first_name_queries_count,total_queries_count_rolling_mean_10,0.0138037335
first_name_queries_count,total_queries_count_rolling_std_10,0.003823596
first_name_queries_count,total_queries_count_rolling_min_10,0.00088295824
first_name_queries_count,total_queries_count_rolling_max_10,0.0032523933
first_name_queries_count,total_queries_count_rolling_mean_20,0.0005764057
first_name_queries_count,total_queries_count_rolling_std_20,0.00044225063
first_name_queries_count,total_queries_count_rolling_min_20,5.9886886e-05
first_name_queries_count,total_queries_count_rolling_max_20,0.00016969409
first_name_queries_count,aggregation_queries_count_rolling_mean_3,0.019028725
first_name_queries_count,aggregation_queries_count_rolling_std_3,0.0011986946
first_name_queries_count,aggregation_queries_count_rolling_min_3,0.0051839957
first_name_queries_count,aggregation_queries_count_rolling_max_3,0.0005872803
first_name_queries_count,aggregation_queries_count_rolling_mean_5,0.0105792545
first_name_queries_count,aggregation_queries_count_rolling_std_5,0.00063979026
first_name_queries_count,aggregation_queries_count_rolling_min_5,0.003333144
first_name_queries_count,aggregation_queries_count_rolling_max_5,0.012462205
first_name_queries_count,aggregation_queries_count_rolling_mean_10,0.001334212
first_name_queries_count,aggregation_queries_count_rolling_std_10,0.00023134412
first_name_queries_count,aggregation_queries_count_rolling_min_10,9.37243e-05
first_name_queries_count,aggregation_queries_count_rolling_max_10,0.009347295
first_name_queries_count,aggregation_queries_count_rolling_mean_20,0.0002902866
first_name_queries_count,aggregation_queries_count_rolling_std_20,0.00055345
first_name_queries_count,aggregation_queries_count_rolling_min_20,0.00026827006
first_name_queries_count,aggregation_queries_count_rolling_max_20,0.0005460205
first_name_queries_count,aggregation_queries_count_ratio_lag1,0.00053393067
first_name_queries_count,standard_queries_count_ratio_lag1,0.0010575898
first_name_queries_count,first_name_queries_count_ratio_lag1,0.00039370335
first_name_queries_count,last_name_queries_count_ratio_lag1,0.0011663552
first_name_queries_count,country_queries_count_ratio_lag1,0.00037132675
first_name_queries_count,other_queries_count_ratio_lag1,0.00071422756
first_name_queries_count,total_queries_count_aggregation_queries_count_rolling_corr_10,0.0004811717
first_name_queries_count,total_queries_count_standard_queries_count_rolling_corr_10,0.00039778018
first_name_queries_count,total_queries_count_first_name_queries_count_rolling_corr_10,0.00029782945
first_name_queries_count,total_queries_count_last_name_queries_count_rolling_corr_10,0.00050045893
first_name_queries_count,total_queries_count_country_queries_count_rolling_corr_10,0.0004368463
first_name_queries_count,total_queries_count_other_queries_count_rolling_corr_10,0.0001269576
first_name_queries_count,aggregation_queries_count_standard_queries_count_rolling_corr_10,0.00029947195
first_name_queries_count,aggregation_queries_count_first_name_queries_count_rolling_corr_10,0.00043819757
first_name_queries_count,aggregation_queries_count_last_name_queries_count_rolling_corr_10,0.00013421635
first_name_queries_count,aggregation_queries_count_country_queries_count_rolling_corr_10,0.0007311923
first_name_queries_count,aggregation_queries_count_other_queries_count_rolling_corr_10,0.00044105307
first_name_queries_count,standard_queries_count_first_name_queries_count_rolling_corr_10,0.0005004944
first_name_queries_count,standard_queries_count_last_name_queries_count_rolling_corr_10,0.0002451778
first_name_queries_count,standard_queries_count_country_queries_count_rolling_corr_10,0.0008637003
first_name_queries_count,standard_queries_count_other_queries_count_rolling_corr_10,0.00037805884
first_name_queries_count,first_name_queries_count_last_name_queries_count_rolling_corr_10,0.00020202958
first_name_queries_count,first_name_queries_count_country_queries_count_rolling_corr_10,8.74824e-05
first_name_queries_count,first_name_queries_count_other_queries_count_rolling_corr_10,0.00043869836
first_name_queries_count,last_name_queries_count_country_queries_count_rolling_corr_10,0.0019769024
first_name_queries_count,last_name_queries_count_other_queries_count_rolling_corr_10,0.0009072298
first_name_queries_count,country_queries_count_other_queries_count_rolling_corr_10,0.00056523184
first_name_queries_count,total_queries_count_trend_5,0.27416804
first_name_queries_count,total_queries_count_trend_10,0.003682235
first_name_queries_count,total_queries_count_trend_20,0.0046511395
first_name_queries_count,aggregation_queries_count_trend_5,0.124856025
first_name_queries_count,aggregation_queries_count_trend_10,0.0005650699
first_name_queries_count,aggregation_queries_count_trend_20,0.00010122362
first_name_queries_count,total_queries_count_pct_change_1,0.02629795
first_name_queries_count,total_queries_count_pct_change_3,0.001694954
first_name_queries_count,total_queries_count_pct_change_5,0.0025000486
first_name_queries_count,aggregation_queries_count_pct_change_1,0.0018902955
first_name_queries_count,aggregation_queries_count_pct_change_3,0.0003948583
first_name_queries_count,aggregation_queries_count_pct_change_5,0.002352679
first_name_queries_count,standard_queries_count_pct_change_1,0.011341072
first_name_queries_count,standard_queries_count_pct_change_3,0.007559842
first_name_queries_count,standard_queries_count_pct_change_5,0.00097115483
first_name_queries_count,first_name_queries_count_pct_change_1,0.043700907
first_name_queries_count,first_name_queries_count_pct_change_3,0.0057371217
first_name_queries_count,first_name_queries_count_pct_change_5,0.0014239142
first_name_queries_count,last_name_queries_count_pct_change_1,0.00074328587
first_name_queries_count,last_name_queries_count_pct_change_3,0.001243665
first_name_queries_count,last_name_queries_count_pct_change_5,0.0002447227
first_name_queries_count,country_queries_count_pct_change_1,0.0006707326
first_name_queries_count,country_queries_count_pct_change_3,0.0015342211
first_name_queries_count,country_queries_count_pct_change_5,0.0004550179
first_name_queries_count,other_queries_count_pct_change_1,0.00022590887
first_name_queries_count,other_queries_count_pct_change_3,0.00022930442
first_name_queries_count,other_queries_count_pct_change_5,0.0003537742
last_name_queries_count,ts_submit,0.0010558069
last_name_queries_count,hour,0.005459198
last_name_queries_count,day_of_week,0.0017189351
last_name_queries_count,day_of_month,0.0010005763
last_name_queries_count,hour_sin,0.000562307
last_name_queries_count,hour_cos,0.0024552306
last_name_queries_count,dow_sin,5.58094e-05
last_name_queries_count,dow_cos,7.370584e-05
last_name_queries_count,total_queries_count_lag_1,0.02183381
last_name_queries_count,total_queries_count_lag_2,0.0075415727
last_name_queries_count,total_queries_count_lag_3,0.00037374286
last_name_queries_count,total_queries_count_lag_5,0.0005698228
last_name_queries_count,total_queries_count_lag_10,0.00023991153
last_name_queries_count,aggregation_queries_count_lag_1,0.0010715565
last_name_queries_count,aggregation_queries_count_lag_2,0.0050264453
last_name_queries_count,aggregation_queries_count_lag_3,0.0005309353
last_name_queries_count,aggregation_queries_count_lag_5,0.0002625633
last_name_queries_count,aggregation_queries_count_lag_10,0.00028137033
last_name_queries_count,standard_queries_count_lag_1,0.012823975
last_name_queries_count,standard_queries_count_lag_2,0.012314762
last_name_queries_count,standard_queries_count_lag_3,0.00043947465
last_name_queries_count,standard_queries_count_lag_5,0.0006284573
last_name_queries_count,standard_queries_count_lag_10,0.00015897841
last_name_queries_count,first_name_queries_count_lag_1,0.00077271846
last_name_queries_count,first_name_queries_count_lag_2,0.002539483
last_name_queries_count,first_name_queries_count_lag_3,0.00015995529
last_name_queries_count,first_name_queries_count_lag_5,0.0012522641
last_name_queries_count,first_name_queries_count_lag_10,0.00026436284
last_name_queries_count,last_name_queries_count_lag_1,0.007474653
last_name_queries_count,last_name_queries_count_lag_2,0.004247126
last_name_queries_count,last_name_queries_count_lag_3,0.0007916752
last_name_queries_count,last_name_queries_count_lag_5,0.0005052597
last_name_queries_count,last_name_queries_count_lag_10,9.866446e-05
last_name_queries_count,country_queries_count_lag_1,0.0046384037
last_name_queries_count,country_queries_count_lag_2,0.0049354197
last_name_queries_count,country_queries_count_lag_3,0.000119161945
last_name_queries_count,country_queries_count_lag_5,1.1789805e-05
last_name_queries_count,country_queries_count_lag_10,0.00016254904
last_name_queries_count,other_queries_count_lag_1,0.0067570833
last_name_queries_count,other_queries_count_lag_2,0.0006547188
last_name_queries_count,other_queries_count_lag_3,0.0012350698
last_name_queries_count,other_queries_count_lag_5,2.864896e-05
last_name_queries_count,other_queries_count_lag_10,0.00056267227
last_name_queries_count,total_queries_count_rolling_mean_3,0.12343589
last_name_queries_count,total_queries_count_rolling_std_3,0.006224496
last_name_queries_count,total_queries_count_rolling_min_3,0.0075935153
last_name_queries_count,total_queries_count_rolling_max_3,0.06814022
last_name_queries_count,total_queries_count_rolling_mean_5,0.027760575
last_name_queries_count,total_queries_count_rolling_std_5,0.024274904
last_name_queries_count,total_queries_count_rolling_min_5,0.00096845324
last_name_queries_count,total_queries_count_rolling_max_5,0.032147612
last_name_queries_count,total_queries_count_rolling_mean_10,0.017183788
last_name_queries_count,total_queries_count_rolling_std_10,0.0067968504
last_name_queries_count,total_queries_count_rolling_min_10,0.00031029808
last_name_queries_count,total_queries_count_rolling_max_10,0.0029065826
last_name_queries_count,total_queries_count_rolling_mean_20,0.00011179148
last_name_queries_count,total_queries_count_rolling_std_20,0.0015198234
last_name_queries_count,total_queries_count_rolling_min_20,0.00020241694
last_name_queries_count,total_queries_count_rolling_max_20,0.00051398383
last_name_queries_count,aggregation_queries_count_rolling_mean_3,0.00129768
last_name_queries_count,aggregation_queries_count_rolling_std_3,0.00022604212
last_name_queries_count,aggregation_queries_count_rolling_min_3,0.002829126
last_name_queries_count,aggregation_queries_count_rolling_max_3,0.0012558812
last_name_queries_count,aggregation_queries_count_rolling_mean_5,0.012266556
last_name_queries_count,aggregation_queries_count_rolling_std_5,0.00081009814
last_name_queries_count,aggregation_queries_count_rolling_min_5,0.0010488394
last_name_queries_count,aggregation_queries_count_rolling_max_5,0.0008607717
last_name_queries_count,aggregation_queries_count_rolling_mean_10,0.0018274435
last_name_queries_count,aggregation_queries_count_rolling_std_10,0.0002585306
last_name_queries_count,aggregation_queries_count_rolling_min_10,0.0008593497
last_name_queries_count,aggregation_queries_count_rolling_max_10,0.0029503775
last_name_queries_count,aggregation_queries_count_rolling_mean_20,0.0046597496
last_name_queries_count,aggregation_queries_count_rolling_std_20,0.008797809
last_name_queries_count,aggregation_queries_count_rolling_min_20,6.105911e-05
last_name_queries_count,aggregation_queries_count_rolling_max_20,0.0020674383
last_name_queries_count,aggregation_queries_count_ratio_lag1,0.0001913728
last_name_queries_count,standard_queries_count_ratio_lag1,0.00016693374
last_name_queries_count,first_name_queries_count_ratio_lag1,0.004877331
last_name_queries_count,last_name_queries_count_ratio_lag1,0.00025814387
last_name_queries_count,country_queries_count_ratio_lag1,0.00042434907
last_name_queries_count,other_queries_count_ratio_lag1,7.699659e-05
last_name_queries_count,total_queries_count_aggregation_queries_count_rolling_corr_10,0.0014957949
last_name_queries_count,total_queries_count_standard_queries_count_rolling_corr_10,0.00380331
last_name_queries_count,total_queries_count_first_name_queries_count_rolling_corr_10,0.0003666264
last_name_queries_count,total_queries_count_last_name_queries_count_rolling_corr_10,0.0008493648
last_name_queries_count,total_queries_count_country_queries_count_rolling_corr_10,0.0015219884
last_name_queries_count,total_queries_count_other_queries_count_rolling_corr_10,0.00047157417
last_name_queries_count,aggregation_queries_count_standard_queries_count_rolling_corr_10,0.0019481413
last_name_queries_count,aggregation_queries_count_first_name_queries_count_rolling_corr_10,0.00065665186
last_name_queries_count,aggregation_queries_count_last_name_queries_count_rolling_corr_10,0.0005395282
last_name_queries_count,aggregation_queries_count_country_queries_count_rolling_corr_10,0.00038124082
last_name_queries_count,aggregation_queries_count_other_queries_count_rolling_corr_10,0.00023043389
last_name_queries_count,standard_queries_count_first_name_queries_count_rolling_corr_10,0.000644632
last_name_queries_count,standard_queries_count_last_name_queries_count_rolling_corr_10,0.0007427427
last_name_queries_count,standard_queries_count_country_queries_count_rolling_corr_10,0.0008531466
last_name_queries_count,standard_queries_count_other_queries_count_rolling_corr_10,0.00023017604
last_name_queries_count,first_name_queries_count_last_name_queries_count_rolling_corr_10,0.00017955039
last_name_queries_count,first_name_queries_count_country_queries_count_rolling_corr_10,0.00046563553
last_name_queries_count,first_name_queries_count_other_queries_count_rolling_corr_10,0.00035515783
last_name_queries_count,last_name_queries_count_country_queries_count_rolling_corr_10,0.0004073108
last_name_queries_count,last_name_queries_count_other_queries_count_rolling_corr_10,0.0002737447
last_name_queries_count,country_queries_count_other_queries_count_rolling_corr_10,0.00026180467
last_name_queries_count,total_queries_count_trend_5,0.2511656
last_name_queries_count,total_queries_count_trend_10,0.03847734
last_name_queries_count,total_queries_count_trend_20,0.00013079267
last_name_queries_count,aggregation_queries_count_trend_5,0.06660547
last_name_queries_count,aggregation_queries_count_trend_10,0.00018090416
last_name_queries_count,aggregation_queries_count_trend_20,0.00011987731
last_name_queries_count,total_queries_count_pct_change_1,0.024717994
last_name_queries_count,total_queries_count_pct_change_3,0.0006888979
last_name_queries_count,total_queries_count_pct_change_5,0.00097532914
last_name_queries_count,aggregation_queries_count_pct_change_1,0.0004044249
last_name_queries_count,aggregation_queries_count_pct_change_3,0.0006774332
last_name_queries_count,aggregation_queries_count_pct_change_5,0.00020210784
last_name_queries_count,standard_queries_count_pct_change_1,0.01604644
last_name_queries_count,standard_queries_count_pct_change_3,0.0019238062
last_name_queries_count,standard_queries_count_pct_change_5,0.00039198532
last_name_queries_count,first_name_queries_count_pct_change_1,0.0006563618
last_name_queries_count,first_name_queries_count_pct_change_3,0.0025457898
last_name_queries_count,first_name_queries_count_pct_change_5,0.00046865953
last_name_queries_count,last_name_queries_count_pct_change_1,0.03170251
last_name_queries_count,last_name_queries_count_pct_change_3,0.0027670027
last_name_queries_count,last_name_queries_count_pct_change_5,0.0013192479
last_name_queries_count,country_queries_count_pct_change_1,0.033641547
last_name_queries_count,country_queries_count_pct_change_3,0.00313723
last_name_queries_count,country_queries_count_pct_change_5,0.00015311115
last_name_queries_count,other_queries_count_pct_change_1,0.022070013
last_name_queries_count,other_queries_count_pct_change_3,0.00017150493
last_name_queries_count,other_queries_count_pct_change_5,0.0001263653
country_queries_count,ts_submit,0.0012828221
country_queries_count,hour,0.0055535273
country_queries_count,day_of_week,0.00597735
country_queries_count,day_of_month,0.00051290955
country_queries_count,hour_sin,0.0006319526
country_queries_count,hour_cos,0.00045807517
country_queries_count,dow_sin,8.705047e-05
country_queries_count,dow_cos,8.6715234e-05
country_queries_count,total_queries_count_lag_1,0.013044343
country_queries_count,total_queries_count_lag_2,0.010929298
country_queries_count,total_queries_count_lag_3,0.0004103784
country_queries_count,total_queries_count_lag_5,0.00040435774
country_queries_count,total_queries_count_lag_10,0.0032298919
country_queries_count,aggregation_queries_count_lag_1,0.001295688
country_queries_count,aggregation_queries_count_lag_2,0.003340831
country_queries_count,aggregation_queries_count_lag_3,0.0007119744
country_queries_count,aggregation_queries_count_lag_5,6.017183e-05
country_queries_count,aggregation_queries_count_lag_10,0.0002711579
country_queries_count,standard_queries_count_lag_1,0.013215938
country_queries_count,standard_queries_count_lag_2,0.013563363
country_queries_count,standard_queries_count_lag_3,0.0003011786
country_queries_count,standard_queries_count_lag_5,5.3416486e-05
country_queries_count,standard_queries_count_lag_10,7.0833135e-05
country_queries_count,first_name_queries_count_lag_1,0.003146255
country_queries_count,first_name_queries_count_lag_2,0.0014773492
country_queries_count,first_name_queries_count_lag_3,0.000115044364
country_queries_count,first_name_queries_count_lag_5,0.00027113734
country_queries_count,first_name_queries_count_lag_10,7.817682e-05
country_queries_count,last_name_queries_count_lag_1,0.004186394
country_queries_count,last_name_queries_count_lag_2,0.0032492513
country_queries_count,last_name_queries_count_lag_3,0.0002991188
country_queries_count,last_name_queries_count_lag_5,9.806043e-05
country_queries_count,last_name_queries_count_lag_10,0.0010041348
country_queries_count,country_queries_count_lag_1,0.0029442525
country_queries_count,country_queries_count_lag_2,0.010580634
country_queries_count,country_queries_count_lag_3,0.00017300196
country_queries_count,country_queries_count_lag_5,0.0002559837
country_queries_count,country_queries_count_lag_10,7.033432e-06
country_queries_count,other_queries_count_lag_1,0.0045846575
country_queries_count,other_queries_count_lag_2,0.0029972913
country_queries_count,other_queries_count_lag_3,0.00026601195
country_queries_count,other_queries_count_lag_5,5.497149e-05
country_queries_count,other_queries_count_lag_10,2.838508e-05
country_queries_count,total_queries_count_rolling_mean_3,0.12289435
country_queries_count,total_queries_count_rolling_std_3,0.007506222
country_queries_count,total_queries_count_rolling_min_3,0.01205199
country_queries_count,total_queries_count_rolling_max_3,0.08321697
country_queries_count,total_queries_count_rolling_mean_5,0.024649905
country_queries_count,total_queries_count_rolling_std_5,0.0046453406
country_queries_count,total_queries_count_rolling_min_5,0.0004339879
country_queries_count,total_queries_count_rolling_max_5,0.013521617
country_queries_count,total_queries_count_rolling_mean_10,0.016322484
country_queries_count,total_queries_count_rolling_std_10,0.011445207
country_queries_count,total_queries_count_rolling_min_10,0.00061080867
country_queries_count,total_queries_count_rolling_max_10,0.011576797
country_queries_count,total_queries_count_rolling_mean_20,0.0006532692
country_queries_count,total_queries_count_rolling_std_20,0.007012133
country_queries_count,total_queries_count_rolling_min_20,0.00054562115
country_queries_count,total_queries_count_rolling_max_20,0.00033710714
country_queries_count,aggregation_queries_count_rolling_mean_3,0.018445607
country_queries_count,aggregation_queries_count_rolling_std_3,0.00024194653
country_queries_count,aggregation_queries_count_rolling_min_3,0.0022062252
country_queries_count,aggregation_queries_count_rolling_max_3,0.00013638093
country_queries_count,aggregation_queries_count_rolling_mean_5,0.0015180457
country_queries_count,aggregation_queries_count_rolling_std_5,0.0007853269
country_queries_count,aggregation_queries_count_rolling_min_5,0.00043202427
country_queries_count,aggregation_queries_count_rolling_max_5,0.0055475603
country_queries_count,aggregation_queries_count_rolling_mean_10,0.0001742732
country_queries_count,aggregation_queries_count_rolling_std_10,0.0003222597
country_queries_count,aggregation_queries_count_rolling_min_10,7.1290124e-05
country_queries_count,aggregation_queries_count_rolling_max_10,0.004248342
country_queries_count,aggregation_queries_count_rolling_mean_20,0.00039881244
country_queries_count,aggregation_queries_count_rolling_std_20,0.0036298784
country_queries_count,aggregation_queries_count_rolling_min_20,0.00025172747
country_queries_count,aggregation_queries_count_rolling_max_20,6.853772e-05
country_queries_count,aggregation_queries_count_ratio_lag1,5.0901894e-05
country_queries_count,standard_queries_count_ratio_lag1,0.00035207887
country_queries_count,first_name_queries_count_ratio_lag1,0.0003914412
country_queries_count,last_name_queries_count_ratio_lag1,0.00010916011
country_queries_count,country_queries_count_ratio_lag1,0.00086180697
country_queries_count,other_queries_count_ratio_lag1,6.8021465e-05
country_queries_count,total_queries_count_aggregation_queries_count_rolling_corr_10,0.0005940372
country_queries_count,total_queries_count_standard_queries_count_rolling_corr_10,0.0006101217
country_queries_count,total_queries_count_first_name_queries_count_rolling_corr_10,0.0004707053
country_queries_count,total_queries_count_last_name_queries_count_rolling_corr_10,0.0004888409
country_queries_count,total_queries_count_country_queries_count_rolling_corr_10,0.00021505028
country_queries_count,total_queries_count_other_queries_count_rolling_corr_10,0.00037583776
country_queries_count,aggregation_queries_count_standard_queries_count_rolling_corr_10,9.080004e-06
country_queries_count,aggregation_queries_count_first_name_queries_count_rolling_corr_10,7.81109e-05
country_queries_count,aggregation_queries_count_last_name_queries_count_rolling_corr_10,0.00011954981
country_queries_count,aggregation_queries_count_country_queries_count_rolling_corr_10,4.4111628e-05
country_queries_count,aggregation_queries_count_other_queries_count_rolling_corr_10,0.00017405069
country_queries_count,standard_queries_count_first_name_queries_count_rolling_corr_10,0.00034192036
country_queries_count,standard_queries_count_last_name_queries_count_rolling_corr_10,4.065956e-05
country_queries_count,standard_queries_count_country_queries_count_rolling_corr_10,0.000647933
country_queries_count,standard_queries_count_other_queries_count_rolling_corr_10,0.00016035003
country_queries_count,first_name_queries_count_last_name_queries_count_rolling_corr_10,1.7858327e-05
country_queries_count,first_name_queries_count_country_queries_count_rolling_corr_10,0.00070743886
country_queries_count,first_name_queries_count_other_queries_count_rolling_corr_10,3.0879324e-05
country_queries_count,last_name_queries_count_country_queries_count_rolling_corr_10,1.8929362e-05
country_queries_count,last_name_queries_count_other_queries_count_rolling_corr_10,0.00012723409
country_queries_count,country_queries_count_other_queries_count_rolling_corr_10,0.00010134955
country_queries_count,total_queries_count_trend_5,0.2898304
country_queries_count,total_queries_count_trend_10,0.009004631
country_queries_count,total_queries_count_trend_20,0.0007933426
country_queries_count,aggregation_queries_count_trend_5,0.065607205
country_queries_count,aggregation_queries_count_trend_10,8.381399e-05
country_queries_count,aggregation_queries_count_trend_20,2.6979997e-05
country_queries_count,total_queries_count_pct_change_1,0.046537034
country_queries_count,total_queries_count_pct_change_3,0.0012871685
country_queries_count,total_queries_count_pct_change_5,0.0011659001
country_queries_count,aggregation_queries_count_pct_change_1,0.00090142054
country_queries_count,aggregation_queries_count_pct_change_3,0.00031367457
country_queries_count,aggregation_queries_count_pct_change_5,3.672821e-05
country_queries_count,standard_queries_count_pct_change_1,0.014050725
country_queries_count,standard_queries_count_pct_change_3,0.0006700298
country_queries_count,standard_queries_count_pct_change_5,0.00078939286
country_queries_count,first_name_queries_count_pct_change_1,0.013956042
country_queries_count,first_name_queries_count_pct_change_3,0.00787054
country_queries_count,first_name_queries_count_pct_change_5,0.00039658023
country_queries_count,last_name_queries_count_pct_change_1,0.007327417
country_queries_count,last_name_queries_count_pct_change_3,0.0036041506
country_queries_count,last_name_queries_count_pct_change_5,0.0001206449
country_queries_count,country_queries_count_pct_change_1,0.036616426
country_queries_count,country_queries_count_pct_change_3,0.0028883715
country_queries_count,country_queries_count_pct_change_5,0.00038827726
country_queries_count,other_queries_count_pct_change_1,0.01951344
country_queries_count,other_queries_count_pct_change_3,0.0012460615
country_queries_count,other_queries_count_pct_change_5,0.0005537327
other_queries_count,ts_submit,0.0014592041
other_queries_count,hour,0.003938013
other_queries_count,day_of_week,0.0014561757
other_queries_count,day_of_month,0.0005139098
other_queries_count,hour_sin,0.00062891975
other_queries_count,hour_cos,0.0048546037
other_queries_count,dow_sin,0.0002729695
other_queries_count,dow_cos,0.0022236716
other_queries_count,total_queries_count_lag_1,0.011623455
other_queries_count,total_queries_count_lag_2,0.005990171
other_queries_count,total_queries_count_lag_3,0.0010551652
other_queries_count,total_queries_count_lag_5,0.0008207705
other_queries_count,total_queries_count_lag_10,0.0012562008
other_queries_count,aggregation_queries_count_lag_1,0.005411746
other_queries_count,aggregation_queries_count_lag_2,0.0011371318
other_queries_count,aggregation_queries_count_lag_3,0.000599626
other_queries_count,aggregation_queries_count_lag_5,0.0019882831
other_queries_count,aggregation_queries_count_lag_10,0.0003824719
other_queries_count,standard_queries_count_lag_1,0.0069986335
other_queries_count,standard_queries_count_lag_2,0.008765786
other_queries_count,standard_queries_count_lag_3,0.00083163567
other_queries_count,standard_queries_count_lag_5,0.0001808959
other_queries_count,standard_queries_count_lag_10,6.150956e-05
other_queries_count,first_name_queries_count_lag_1,0.00084493426
other_queries_count,first_name_queries_count_lag_2,0.0038423787
other_queries_count,first_name_queries_count_lag_3,0.00034607612
other_queries_count,first_name_queries_count_lag_5,0.0003047817
other_queries_count,first_name_queries_count_lag_10,8.237149e-05
other_queries_count,last_name_queries_count_lag_1,0.0030643255
other_queries_count,last_name_queries_count_lag_2,0.0016920727
other_queries_count,last_name_queries_count_lag_3,0.0028488482
other_queries_count,last_name_queries_count_lag_5,0.00072099693
other_queries_count,last_name_queries_count_lag_10,0.00026563744
other_queries_count,country_queries_count_lag_1,0.003838945
other_queries_count,country_queries_count_lag_2,0.0069163353
other_queries_count,country_queries_count_lag_3,0.00083024974
other_queries_count,country_queries_count_lag_5,0.0018998717
other_queries_count,country_queries_count_lag_10,6.0179764e-06
other_queries_count,other_queries_count_lag_1,0.003932827
other_queries_count,other_queries_count_lag_2,0.008926736
other_queries_count,other_queries_count_lag_3,0.000627544
other_queries_count,other_queries_count_lag_5,0.0007265692
other_queries_count,other_queries_count_lag_10,0.00011097907
other_queries_count,total_queries_count_rolling_mean_3,0.109834
other_queries_count,total_queries_count_rolling_std_3,0.01571465
other_queries_count,total_queries_count_rolling_min_3,0.009346137
other_queries_count,total_queries_count_rolling_max_3,0.13756227
other_queries_count,total_queries_count_rolling_mean_5,0.016701544
other_queries_count,total_queries_count_rolling_std_5,0.006951377
other_queries_count,total_queries_count_rolling_min_5,0.00015261154
other_queries_count,total_queries_count_rolling_max_5,0.039382264
other_queries_count,total_queries_count_rolling_mean_10,0.017953956
other_queries_count,total_queries_count_rolling_std_10,0.027218087
other_queries_count,total_queries_count_rolling_min_10,0.0002001496
other_queries_count,total_queries_count_rolling_max_10,0.00077511877
other_queries_count,total_queries_count_rolling_mean_20,0.00055133196
other_queries_count,total_queries_count_rolling_std_20,0.0034766414
other_queries_count,total_queries_count_rolling_min_20,0.00010426318
other_queries_count,total_queries_count_rolling_max_20,0.00075776695
other_queries_count,aggregation_queries_count_rolling_mean_3,0.000616356
other_queries_count,aggregation_queries_count_rolling_std_3,0.00039825574
other_queries_count,aggregation_queries_count_rolling_min_3,0.0015355144
other_queries_count,aggregation_queries_count_rolling_max_3,0.003975056
other_queries_count,aggregation_queries_count_rolling_mean_5,0.0006576409
other_queries_count,aggregation_queries_count_rolling_std_5,0.00051796046
other_queries_count,aggregation_queries_count_rolling_min_5,0.00065365713
other_queries_count,aggregation_queries_count_rolling_max_5,0.00046332265
other_queries_count,aggregation_queries_count_rolling_mean_10,0.0001811607
other_queries_count,aggregation_queries_count_rolling_std_10,0.0002803569
other_queries_count,aggregation_queries_count_rolling_min_10,0.00024800768
other_queries_count,aggregation_queries_count_rolling_max_10,0.00091326167
other_queries_count,aggregation_queries_count_rolling_mean_20,0.0021067117
other_queries_count,aggregation_queries_count_rolling_std_20,0.00059869466
other_queries_count,aggregation_queries_count_rolling_min_20,6.952929e-05
other_queries_count,aggregation_queries_count_rolling_max_20,0.0005000845
other_queries_count,aggregation_queries_count_ratio_lag1,7.945152e-05
other_queries_count,standard_queries_count_ratio_lag1,8.1126534e-05
other_queries_count,first_name_queries_count_ratio_lag1,0.010226641
other_queries_count,last_name_queries_count_ratio_lag1,0.0010261971
other_queries_count,country_queries_count_ratio_lag1,0.00023807956
other_queries_count,other_queries_count_ratio_lag1,0.00020332544
other_queries_count,total_queries_count_aggregation_queries_count_rolling_corr_10,0.00037768175
other_queries_count,total_queries_count_standard_queries_count_rolling_corr_10,0.0008230537
other_queries_count,total_queries_count_first_name_queries_count_rolling_corr_10,0.00055318745
other_queries_count,total_queries_count_last_name_queries_count_rolling_corr_10,0.00026801467
other_queries_count,total_queries_count_country_queries_count_rolling_corr_10,0.0004293278
other_queries_count,total_queries_count_other_queries_count_rolling_corr_10,0.0010103633
other_queries_count,aggregation_queries_count_standard_queries_count_rolling_corr_10,9.822117e-06
other_queries_count,aggregation_queries_count_first_name_queries_count_rolling_corr_10,0.0019504717
other_queries_count,aggregation_queries_count_last_name_queries_count_rolling_corr_10,0.00031379084
other_queries_count,aggregation_queries_count_country_queries_count_rolling_corr_10,0.00010611319
other_queries_count,aggregation_queries_count_other_queries_count_rolling_corr_10,0.00038726538
other_queries_count,standard_queries_count_first_name_queries_count_rolling_corr_10,0.00091506675
other_queries_count,standard_queries_count_last_name_queries_count_rolling_corr_10,0.00022508808
other_queries_count,standard_queries_count_country_queries_count_rolling_corr_10,0.00067397195
other_queries_count,standard_queries_count_other_queries_count_rolling_corr_10,0.0015657903
other_queries_count,first_name_queries_count_last_name_queries_count_rolling_corr_10,0.0005327519
other_queries_count,first_name_queries_count_country_queries_count_rolling_corr_10,0.00049047207
other_queries_count,first_name_queries_count_other_queries_count_rolling_corr_10,0.00042560697
other_queries_count,last_name_queries_count_country_queries_count_rolling_corr_10,0.0016999451
other_queries_count,last_name_queries_count_other_queries_count_rolling_corr_10,0.00021408126
other_queries_count,country_queries_count_other_queries_count_rolling_corr_10,0.0005144676
other_queries_count,total_queries_count_trend_5,0.252407
other_queries_count,total_queries_count_trend_10,0.025122685
other_queries_count,total_queries_count_trend_20,0.00022273343
other_queries_count,aggregation_queries_count_trend_5,0.061893854
other_queries_count,aggregation_queries_count_trend_10,0.00029935513
other_queries_count,aggregation_queries_count_trend_20,0.00010540931
other_queries_count,total_queries_count_pct_change_1,0.02116333
other_queries_count,total_queries_count_pct_change_3,0.0009492812
other_queries_count,total_queries_count_pct_change_5,0.0036836918
other_queries_count,aggregation_queries_count_pct_change_1,0.00077535235
other_queries_count,aggregation_queries_count_pct_change_3,0.0006586899
other_queries_count,aggregation_queries_count_pct_change_5,0.0001759411
other_queries_count,standard_queries_count_pct_change_1,0.007398675
other_queries_count,standard_queries_count_pct_change_3,0.0031128486
other_queries_count,standard_queries_count_pct_change_5,0.0006795604
other_queries_count,first_name_queries_count_pct_change_1,0.0022980063
other_queries_count,first_name_queries_count_pct_change_3,0.00045888836
other_queries_count,first_name_queries_count_pct_change_5,0.0001818231
other_queries_count,last_name_queries_count_pct_change_1,0.018294
other_queries_count,last_name_queries_count_pct_change_3,0.0016703878
other_queries_count,last_name_queries_count_pct_change_5,0.00032532722
other_queries_count,country_queries_count_pct_change_1,0.029386982
other_queries_count,country_queries_count_pct_change_3,0.003336566
other_queries_count,country_queries_count_pct_change_5,0.0036081218
other_queries_count,other_queries_count_pct_change_1,0.024673425
other_queries_count,other_queries_count_pct_change_3,0.0036674344
other_queries_count,other_queries_count_pct_change_5,0.003432275
