;max_concurrent_tasks;aggregation_queries_count;id;total_queries_count;ts_submit;ts_submit_dt;ts_submit_dt2
0;3;10;24345;12;7892997578;1970-04-02 08:29:57.578;1970-01-01 00:08:57.754058360
1;1;2;21436;2;1970115079;1970-01-23 19:15:15.079;1970-01-01 00:02:14.224972033
2;2;1;21722;2;2433165188;1970-01-29 03:52:45.188;1970-01-01 00:02:45.772818447
3;5;3;21796;7;2560814460;1970-01-30 15:20:14.460;1970-01-01 00:02:54.469630196
4;1;1;21852;1;2705380047;1970-02-01 07:29:40.047;1970-01-01 00:03:04.318959343
5;1;1;21854;1;2705810885;1970-02-01 07:36:50.885;1970-01-01 00:03:04.348312562
6;1;1;21859;1;2745548409;1970-02-01 18:39:08.409;1970-01-01 00:03:07.055650882
7;1;1;21855;1;2707125104;1970-02-01 07:58:45.104;1970-01-01 00:03:04.437850991
8;1;1;21860;1;2787391231;1970-02-02 06:16:31.231;1970-01-01 00:03:09.906424257
9;1;1;24449;1;8215134927;1970-04-06 01:58:54.927;1970-01-01 00:09:19.701444643
10;1;1;24450;1;8215276831;1970-04-06 02:01:16.831;1970-01-01 00:09:19.711112637
11;1;1;24452;1;8215550998;1970-04-06 02:05:50.998;1970-01-01 00:09:19.729791778
12;1;3;22378;3;4375125613;1970-02-20 15:18:45.613;1970-01-01 00:04:58.079599160
13;2;5;22476;6;4478468383;1970-02-21 20:01:08.383;1970-01-01 00:05:05.120396198
14;1;1;22343;1;4317323475;1970-02-19 23:15:23.475;1970-01-01 00:04:54.141509229
15;2;3;22377;4;4369306514;1970-02-20 13:41:46.514;1970-01-01 00:04:57.683140898
16;1;1;22345;1;4319891913;1970-02-19 23:58:11.913;1970-01-01 00:04:54.316498255
17;2;2;24652;3;8497528566;1970-04-09 08:25:28.566;1970-01-01 00:09:38.941071151
18;1;6;22342;6;4317698815;1970-02-19 23:21:38.815;1970-01-01 00:04:54.167081340
19;2;3;28573;4;13994607724;1970-06-11 23:23:27.724;1970-01-01 00:15:53.459952872
20;2;3;24644;4;8481945903;1970-04-09 04:05:45.903;1970-01-01 00:09:37.879416160
21;1;4;22375;4;4365226773;1970-02-20 12:33:46.773;1970-01-01 00:04:57.405186007
22;1;4;22374;4;4362739062;1970-02-20 11:52:19.062;1970-01-01 00:04:57.235696954
23;7;3;24743;9;8733230279;1970-04-12 01:53:50.279;1970-01-01 00:09:54.999552288
24;1;2;22502;2;4523255055;1970-02-22 08:27:35.055;1970-01-01 00:05:08.171735616
25;8;3;24747;10;8733700286;1970-04-12 02:01:40.286;1970-01-01 00:09:55.031574112
26;3;8;23263;10;5377871466;1970-03-04 05:51:11.466;1970-01-01 00:06:06.397199239
27;1;2;24950;2;9273532397;1970-04-18 07:58:52.397;1970-01-01 00:10:31.810618531
28;1;2;24910;2;9227878439;1970-04-17 19:17:58.439;1970-01-01 00:10:28.700190465
29;1;2;23524;2;5604196413;1970-03-06 20:43:16.413;1970-01-01 00:06:21.816836399
30;1;2;23475;2;5532732614;1970-03-06 00:52:12.614;1970-01-01 00:06:16.947970349
31;1;2;23533;2;5621830828;1970-03-07 01:37:10.828;1970-01-01 00:06:23.018278327
32;1;12;23525;12;5604935747;1970-03-06 20:55:35.747;1970-01-01 00:06:21.867207611
33;1;2;23531;2;5619380087;1970-03-07 00:56:20.087;1970-01-01 00:06:22.851308060
34;1;1;23622;1;5926817211;1970-03-10 14:20:17.211;1970-01-01 00:06:43.797160315
35;3;7;23669;11;6043588068;1970-03-11 22:46:28.068;1970-01-01 00:06:51.752819953
36;1;4;23685;4;6062506211;1970-03-12 04:01:46.211;1970-01-01 00:06:53.041722942
37;1;1;23681;1;6059370711;1970-03-12 03:09:30.711;1970-01-01 00:06:52.828099685
38;3;5;23671;9;6041004210;1970-03-11 22:03:24.210;1970-01-01 00:06:51.576780354
39;1;1;25957;1;10033288208;1970-04-27 03:01:28.208;1970-01-01 00:11:23.573179800
40;1;1;25949;1;10032714801;1970-04-27 02:51:54.801;1970-01-01 00:11:23.534113281
41;1;1;25956;1;10033246580;1970-04-27 03:00:46.580;1970-01-01 00:11:23.570343663
42;1;1;25948;1;10032639843;1970-04-27 02:50:39.843;1970-01-01 00:11:23.529006353
43;8;3;23738;17;6337353358;1970-03-15 08:22:33.358;1970-01-01 00:07:11.767202998
44;3;3;23820;7;6594066996;1970-03-18 07:41:06.996;1970-01-01 00:07:29.257237590
45;8;7;23815;21;6567812486;1970-03-18 00:23:32.486;1970-01-01 00:07:27.468504075
46;8;5;23780;19;6555711848;1970-03-17 21:01:51.848;1970-01-01 00:07:26.644081271
47;3;7;23818;11;6558409226;1970-03-17 21:46:49.226;1970-01-01 00:07:26.827855047
48;8;3;23822;17;6559353426;1970-03-17 22:02:33.426;1970-01-01 00:07:26.892183887
49;1;4;23797;4;6485301026;1970-03-17 01:28:21.026;1970-01-01 00:07:21.846955096
50;8;7;23777;21;6378357636;1970-03-15 19:45:57.636;1970-01-01 00:07:14.560845931
51;5;15;23833;21;6600015699;1970-03-18 09:20:15.699;1970-01-01 00:07:29.662525840
52;8;1;46504;8;41236250940;1971-04-23 06:30:50.940;1970-01-01 00:46:49.447370965
53;2;3;20490;4;251625761;1970-01-03 21:53:45.761;1970-01-01 00:00:17.143394867
54;2;3;20514;4;253151122;1970-01-03 22:19:11.122;1970-01-01 00:00:17.247318510
55;1;4;20560;4;260868500;1970-01-04 00:27:48.500;1970-01-01 00:00:17.773107515
56;2;3;20519;4;254398498;1970-01-03 22:39:58.498;1970-01-01 00:00:17.332302891
57;1;1;20196;1;0;1970-01-01 00:00:00.000;1970-01-01 00:00:00.000000000
58;1;2;20781;2;780379708;1970-01-10 00:46:19.708;1970-01-01 00:00:53.167678171
59;1;1;20941;1;1111169056;1970-01-13 20:39:29.056;1970-01-01 00:01:15.704529677
60;1;1;20346;1;112877936;1970-01-02 07:21:17.936;1970-01-01 00:00:07.690432891
61;2;2;20913;4;985102866;1970-01-12 09:38:22.866;1970-01-01 00:01:07.115574135
62;1;1;20943;1;1111783931;1970-01-13 20:49:43.931;1970-01-01 00:01:15.746421433
63;1;1;20938;1;1109375840;1970-01-13 20:09:35.840;1970-01-01 00:01:15.582356932
64;2;3;20253;4;84254992;1970-01-01 23:24:14.992;1970-01-01 00:00:05.740336727
65;2;4;21006;5;1213594359;1970-01-15 01:06:34.359;1970-01-01 00:01:22.682819208
66;1;1;21153;1;1437574280;1970-01-17 15:19:34.280;1970-01-01 00:01:37.942688519
67;1;2;21279;2;1787438192;1970-01-21 16:30:38.192;1970-01-01 00:02:01.779100058
68;1;1;21281;1;1788275717;1970-01-21 16:44:35.717;1970-01-01 00:02:01.836161075
69;2;3;24146;4;7433166524;1970-03-28 00:46:06.524;1970-01-01 00:08:26.425527848
70;1;2;21278;2;1786201772;1970-01-21 16:10:01.772;1970-01-01 00:02:01.694862116
71;1;2;21438;2;1970631192;1970-01-23 19:23:51.192;1970-01-01 00:02:14.260135082
72;1;2;21443;2;1975264562;1970-01-23 20:41:04.562;1970-01-01 00:02:14.575809007
73;1;3;20600;3;1974888641;1970-01-23 20:34:48.641;1970-01-01 00:02:14.550197312
74;1;5;35091;5;25335036734;1970-10-21 05:30:36.734;1970-01-01 00:28:46.089320031
75;1;5;35093;5;25336192564;1970-10-21 05:49:52.564;1970-01-01 00:28:46.168067334
76;1;1;31271;1;18757664713;1970-08-06 02:27:44.713;1970-01-01 00:21:17.969519830
77;2;1;30612;2;18746357512;1970-08-05 23:19:17.512;1970-01-01 00:21:17.199154304
78;1;14;31408;14;18953583799;1970-08-08 08:53:03.799;1970-01-01 00:21:31.317589757
79;20;2;29790;21;25302756631;1970-10-20 20:32:36.631;1970-01-01 00:28:43.890059709
80;2;3;28625;4;14079740971;1970-06-12 23:02:20.971;1970-01-01 00:15:59.260125572
81;2;3;28659;4;14096771350;1970-06-13 03:46:11.350;1970-01-01 00:16:00.420414212
82;1;5;28894;5;14635065910;1970-06-19 09:17:45.910;1970-01-01 00:16:37.094704477
83;1;18;28774;18;14467649769;1970-06-17 10:47:29.769;1970-01-01 00:16:25.688555118
84;3;3;28767;6;14441290981;1970-06-17 03:28:10.981;1970-01-01 00:16:23.892717089
85;1;5;28893;5;14632219741;1970-06-19 08:30:19.741;1970-01-01 00:16:36.900793492
86;1;1;28912;1;14685139870;1970-06-19 23:12:19.870;1970-01-01 00:16:40.506269594
87;1;3;33719;3;41297418682;1971-04-23 23:30:18.682;1970-01-01 00:46:53.614761260
88;1;3;46567;3;41302202609;1971-04-24 00:50:02.609;1970-01-01 00:46:53.940692712
89;1;2;31531;2;19111774123;1970-08-10 04:49:34.123;1970-01-01 00:21:42.095179372
90;9;2;31545;10;19114859631;1970-08-10 05:40:59.631;1970-01-01 00:21:42.305396648
91;9;2;31552;10;19116702196;1970-08-10 06:11:42.196;1970-01-01 00:21:42.430931566
92;9;2;31550;10;19115868407;1970-08-10 05:57:48.407;1970-01-01 00:21:42.374125085
93;9;2;31540;10;19112295224;1970-08-10 04:58:15.224;1970-01-01 00:21:42.130682256
94;1;1;28932;1;14689234578;1970-06-20 00:20:34.578;1970-01-01 00:16:40.785244194
95;2;2;26345;3;10520381993;1970-05-02 18:19:41.993;1970-01-01 00:11:56.759134451
96;1;6;35098;6;25354368624;1970-10-21 10:52:48.624;1970-01-01 00:28:47.406411820
97;2;2;26638;3;10870333713;1970-05-06 19:32:13.713;1970-01-01 00:12:20.601528396
98;1;2;39558;2;31568350098;1971-01-01 08:59:10.098;1970-01-01 00:35:50.768223755
99;1;1;46574;1;41305877190;1971-04-24 01:51:17.190;1970-01-01 00:46:54.191043839
100;8;2;35060;9;25309065271;1970-10-20 22:17:45.271;1970-01-01 00:28:44.319870656
101;1;3;33319;3;32661324352;1971-01-14 00:35:24.352;1970-01-01 00:37:05.233132044
102;4;2;35062;5;25309441242;1970-10-20 22:24:01.242;1970-01-01 00:28:44.345485757
103;1;3;32723;3;21922950206;1970-09-11 17:42:30.206;1970-01-01 00:24:53.622078051
104;1;3;29080;3;14834898087;1970-06-21 16:48:18.087;1970-01-01 00:16:50.709375343
105;1;3;29100;3;14882076835;1970-06-22 05:54:36.835;1970-01-01 00:16:53.923688150
106;1;18;28967;18;14746439506;1970-06-20 16:13:59.506;1970-01-01 00:16:44.682645896
107;8;2;33311;9;21922950689;1970-09-11 17:42:30.689;1970-01-01 00:24:53.622110958
108;1;3;38025;3;32664454857;1971-01-14 01:27:34.857;1970-01-01 00:37:05.446414989
109;2;13;29069;18;14796729394;1970-06-21 06:12:09.394;1970-01-01 00:16:48.108922301
110;4;37;29106;82;14884169881;1970-06-22 06:29:29.881;1970-01-01 00:16:54.066288470
111;4;37;29108;82;14888543877;1970-06-22 07:42:23.877;1970-01-01 00:16:54.364291109
112;2;3;29092;6;14881190353;1970-06-22 05:39:50.353;1970-01-01 00:16:53.863291668
113;1;5;28164;5;14871659722;1970-06-22 03:00:59.722;1970-01-01 00:16:53.213964787
114;2;13;29098;18;14881660644;1970-06-22 05:47:40.644;1970-01-01 00:16:53.895332840
115;2;4;26972;5;11264456888;1970-05-11 09:00:56.888;1970-01-01 00:12:47.453346702
116;1;4;45512;4;41382772222;1971-04-24 23:12:52.222;1970-01-01 00:46:59.429942638
117;1;6;35129;6;25398119538;1970-10-21 23:01:59.538;1970-01-01 00:28:50.387184502
118;2;3;29094;6;14881247090;1970-06-22 05:40:47.090;1970-01-01 00:16:53.867157189
119;4;37;29121;82;14929979488;1970-06-22 19:12:59.488;1970-01-01 00:16:57.187320985
120;2;13;29096;18;14881612569;1970-06-22 05:46:52.569;1970-01-01 00:16:53.892057465
121;1;1;27071;1;11465308777;1970-05-13 16:48:28.777;1970-01-01 00:13:01.137491080
122;1;3;32011;3;19451684354;1970-08-14 03:14:44.354;1970-01-01 00:22:05.253441412
123;1;3;33352;3;21935426938;1970-09-11 21:10:26.938;1970-01-01 00:24:54.472124336
124;1;3;33371;3;21943576615;1970-09-11 23:26:16.615;1970-01-01 00:24:55.027366098
125;6;6;32228;11;19783615463;1970-08-17 23:26:55.463;1970-01-01 00:22:27.868081693
126;1;4;32234;4;19798367910;1970-08-18 03:32:47.910;1970-01-01 00:22:28.873173632
127;1;4;32290;4;19877939448;1970-08-19 01:38:59.448;1970-01-01 00:22:34.294424186
128;1;3;32237;3;19830278149;1970-08-18 12:24:38.149;1970-01-01 00:22:31.047234926
129;1;4;32302;4;19889563669;1970-08-19 04:52:43.669;1970-01-01 00:22:35.086388450
130;6;6;32219;11;19781982452;1970-08-17 22:59:42.452;1970-01-01 00:22:27.756823798
131;3;3;46450;6;41577151529;1971-04-27 05:12:31.529;1970-01-01 00:47:12.673106615
132;1;1;27189;1;11663518715;1970-05-15 23:51:58.715;1970-01-01 00:13:14.641637954
133;2;3;27199;5;11667796977;1970-05-16 01:03:16.977;1970-01-01 00:13:14.933118185
134;8;4;27256;11;11761421433;1970-05-17 03:03:41.433;1970-01-01 00:13:21.311801401
135;1;3;27270;3;11934969705;1970-05-19 03:16:09.705;1970-01-01 00:13:33.135736055
136;2;3;27341;4;12035299605;1970-05-20 07:08:19.605;1970-01-01 00:13:39.971264682
137;1;9;32316;9;19903296110;1970-08-19 08:41:36.110;1970-01-01 00:22:36.021986847
138;5;3;46433;7;41557703643;1971-04-26 23:48:23.643;1970-01-01 00:47:11.348111958
139;4;37;29501;82;15313142130;1970-06-27 05:39:02.130;1970-01-01 00:17:23.292392437
140;1;15;29500;15;15302978173;1970-06-27 02:49:38.173;1970-01-01 00:17:22.599916724
141;4;2;27362;5;12079015098;1970-05-20 19:16:55.098;1970-01-01 00:13:42.949624113
142;6;3;46796;9;41631562768;1971-04-27 20:19:22.768;1970-01-01 00:47:16.380172822
143;1;1;27598;1;12338065053;1970-05-23 19:14:25.053;1970-01-01 00:14:00.598833206
144;1;15;29634;15;15612088903;1970-06-30 16:41:28.903;1970-01-01 00:17:43.659792633
145;1;1;27661;1;12360732278;1970-05-24 01:32:12.278;1970-01-01 00:14:02.143163115
146;1;1;27660;1;12360491773;1970-05-24 01:28:11.773;1970-01-01 00:14:02.126777383
147;1;4;32372;4;20179350752;1970-08-22 13:22:30.752;1970-01-01 00:22:54.829734169
148;8;5;27708;18;12471273896;1970-05-25 08:14:33.896;1970-01-01 00:14:09.674421437
149;8;5;27732;19;12520465103;1970-05-25 21:54:25.103;1970-01-01 00:14:13.025844131
150;2;3;27941;4;12731893393;1970-05-28 08:38:13.393;1970-01-01 00:14:27.430564248
151;2;1;27865;2;12669135038;1970-05-27 15:12:15.038;1970-01-01 00:14:23.154804657
152;2;1;27867;2;12669811131;1970-05-27 15:23:31.131;1970-01-01 00:14:23.200867227
153;3;5;27833;7;12657285390;1970-05-27 11:54:45.390;1970-01-01 00:14:22.347481933
154;2;2;27873;3;12671795154;1970-05-27 15:56:35.154;1970-01-01 00:14:23.336039753
155;1;2;40435;2;32672290144;1971-01-14 03:38:10.144;1970-01-01 00:37:05.980237195
156;1;2;45310;2;41700025596;1971-04-28 15:20:25.596;1970-01-01 00:47:21.044581146
157;3;1;29739;3;15746714998;1970-07-02 06:05:14.998;1970-01-01 00:17:52.831938986
158;1;15;29691;15;15667022305;1970-07-01 07:57:02.305;1970-01-01 00:17:47.402434078
159;1;15;29689;15;15663734567;1970-07-01 07:02:14.567;1970-01-01 00:17:47.178438767
160;1;15;29731;15;15732567364;1970-07-02 02:09:27.364;1970-01-01 00:17:51.868053272
161;20;2;29716;21;15723278942;1970-07-01 23:34:38.942;1970-01-01 00:17:51.235228217
162;1;15;29732;15;15741700523;1970-07-02 04:41:40.523;1970-01-01 00:17:52.490300178
163;1;5;29742;5;15755606564;1970-07-02 08:33:26.564;1970-01-01 00:17:53.437726034
164;2;1;27854;2;12670127302;1970-05-27 15:28:47.302;1970-01-01 00:14:23.222408123
165;1;4;32566;4;20425374362;1970-08-25 09:42:54.362;1970-01-01 00:23:11.591451555
166;1;1;29750;1;15761619093;1970-07-02 10:13:39.093;1970-01-01 00:17:53.847362783
167;2;3;28007;4;12802243726;1970-05-29 04:10:43.726;1970-01-01 00:14:32.223569276
168;1;2;28019;2;12808407152;1970-05-29 05:53:27.152;1970-01-01 00:14:32.643486717
169;5;6;28088;10;12912610441;1970-05-30 10:50:10.441;1970-01-01 00:14:39.742911365
170;1;2;28363;2;20643130491;1970-08-27 22:12:10.491;1970-01-01 00:23:26.427290658
171;1;3;29973;3;16094918947;1970-07-06 06:48:38.947;1970-01-01 00:18:16.555256377
172;1;2;29974;2;16095157183;1970-07-06 06:52:37.183;1970-01-01 00:18:16.571487520
173;1;4;46934;4;41804150265;1971-04-29 20:15:50.265;1970-01-01 00:47:28.138649373
174;1;2;30057;2;16324368901;1970-07-08 22:32:48.901;1970-01-01 00:18:32.187801900
175;3;4;46953;6;41822881983;1971-04-30 01:28:01.983;1970-01-01 00:47:29.414851129
176;1;3;30087;3;16340055564;1970-07-09 02:54:15.564;1970-01-01 00:18:33.256542465
177;1;3;30100;3;16366573893;1970-07-09 10:16:13.893;1970-01-01 00:18:35.063250107
178;3;4;30079;7;16468566449;1970-07-10 14:36:06.449;1970-01-01 00:18:42.012056358
179;1;2;30175;2;16570128264;1970-07-11 18:48:48.264;1970-01-01 00:18:48.931516000
180;1;14;32724;14;20743442383;1970-08-29 02:04:02.383;1970-01-01 00:23:33.261592391
181;1;14;32759;14;20821474121;1970-08-29 23:44:34.121;1970-01-01 00:23:38.577935564
182;1;14;32748;14;20813598230;1970-08-29 21:33:18.230;1970-01-01 00:23:38.041346986
183;3;2;32776;5;20991913543;1970-08-31 23:05:13.543;1970-01-01 00:23:50.190062640
184;2;5;28179;6;13291983225;1970-06-03 20:13:03.225;1970-01-01 00:15:05.589777808
185;2;5;28178;6;13291861356;1970-06-03 20:11:01.356;1970-01-01 00:15:05.581474809
186;4;5;28181;8;13292194084;1970-06-03 20:16:34.084;1970-01-01 00:15:05.604143742
187;2;5;28177;6;13292559554;1970-06-03 20:22:39.554;1970-01-01 00:15:05.629043404
188;2;5;28180;6;13292037985;1970-06-03 20:13:57.985;1970-01-01 00:15:05.593508635
189;2;4;28186;5;13293229292;1970-06-03 20:33:49.292;1970-01-01 00:15:05.674673005
190;4;4;32940;13;21259334209;1970-09-04 01:22:14.209;1970-01-01 00:24:08.409572656
191;4;4;32914;13;21255796597;1970-09-04 00:23:16.597;1970-01-01 00:24:08.168553298
192;4;4;32924;13;21255871492;1970-09-04 00:24:31.492;1970-01-01 00:24:08.173655933
193;1;2;47047;2;41914566041;1971-05-01 02:56:06.041;1970-01-01 00:47:35.661334014
194;3;4;33086;7;21496114763;1970-09-06 19:08:34.763;1970-01-01 00:24:24.541555796
195;4;4;33191;13;21682211554;1970-09-08 22:50:11.554;1970-01-01 00:24:37.220427621
196;1;3;47049;3;41915464916;1971-05-01 03:11:04.916;1970-01-01 00:47:35.722574838
197;2;3;40713;4;33334840563;1971-01-21 19:40:40.563;1970-01-01 00:37:51.120144203
198;2;2;30627;3;17625923802;1970-07-24 00:05:23.802;1970-01-01 00:20:00.863418898
199;2;2;30631;3;17626970754;1970-07-24 00:22:50.754;1970-01-01 00:20:00.934748286
200;2;2;30630;3;17626946784;1970-07-24 00:22:26.784;1970-01-01 00:20:00.933115198
201;2;4;47159;6;41998425176;1971-05-02 02:13:45.176;1970-01-01 00:47:41.374700796
202;2;4;47148;6;41991900110;1971-05-02 00:25:00.110;1970-01-01 00:47:40.930144633
203;1;2;39509;2;32749373826;1971-01-15 01:02:53.826;1970-01-01 00:37:11.231988817
204;6;5;35274;10;25831155052;1970-10-26 23:19:15.052;1970-01-01 00:29:19.890120841
205;1;2;35420;2;26007402874;1970-10-29 00:16:42.874;1970-01-01 00:29:31.897977251
206;1;3;34082;3;26011019910;1970-10-29 01:16:59.910;1970-01-01 00:29:32.144407808
207;1;1;47349;1;42258737824;1971-05-05 02:32:17.824;1970-01-01 00:47:59.109937824
208;3;3;38552;5;31118366819;1970-12-27 03:59:26.819;1970-01-01 00:35:20.110627311
209;2;2;35526;4;26183018109;1970-10-31 01:03:38.109;1970-01-01 00:29:43.862735177
210;2;2;35525;3;26180761892;1970-10-31 00:26:01.892;1970-01-01 00:29:43.709017931
211;1;2;30886;2;18127928800;1970-07-29 19:32:08.800;1970-01-01 00:20:35.065282300
212;3;5;39215;7;31521430931;1970-12-31 19:57:10.931;1970-01-01 00:35:47.571596337
213;1;1;38690;1;31241398230;1970-12-28 14:09:58.230;1970-01-01 00:35:28.492821771
214;1;1;31059;1;18316814365;1970-08-01 00:00:14.365;1970-01-01 00:20:47.934154758
215;4;38;30967;86;18169541077;1970-07-30 07:05:41.077;1970-01-01 00:20:37.900348523
216;5;6;31111;10;18517557311;1970-08-03 07:45:57.311;1970-01-01 00:21:01.610876793
217;5;5;31134;10;18645696753;1970-08-04 19:21:36.753;1970-01-01 00:21:10.341084080
218;1;4;47437;4;42410490923;1971-05-06 20:41:30.923;1970-01-01 00:48:09.448955928
219;1;5;35831;5;26608899263;1970-11-04 23:21:39.263;1970-01-01 00:30:12.878241222
220;6;2;35835;7;26610411864;1970-11-04 23:46:51.864;1970-01-01 00:30:12.981295521
221;1;2;35851;2;26619141402;1970-11-05 02:12:21.402;1970-01-01 00:30:13.576043516
222;1;2;35863;2;26633260800;1970-11-05 06:07:40.800;1970-01-01 00:30:14.538005496
223;1;2;35850;2;26618846333;1970-11-05 02:07:26.333;1970-01-01 00:30:13.555940310
224;1;2;35848;2;26618383015;1970-11-05 01:59:43.015;1970-01-01 00:30:13.524374212
225;7;12;38733;19;31282580702;1970-12-29 01:36:20.702;1970-01-01 00:35:31.298605155
226;3;3;34403;6;42433575290;1971-05-07 03:06:15.290;1970-01-01 00:48:11.021705941
227;1;4;28366;4;13563108442;1970-06-06 23:31:48.442;1970-01-01 00:15:24.061680824
228;2;3;35980;4;26775608433;1970-11-06 21:40:08.433;1970-01-01 00:30:24.236224276
229;1;1;47607;1;42503301410;1971-05-07 22:28:21.410;1970-01-01 00:48:15.772183010
230;2;2;47314;3;42506116788;1971-05-07 23:15:16.788;1970-01-01 00:48:15.963996187
231;2;1;47756;2;42621402340;1971-05-09 07:16:42.340;1970-01-01 00:48:23.818461217
232;1;5;47367;5;42722032908;1971-05-10 11:13:52.908;1970-01-01 00:48:30.674474513
233;1;3;47830;3;42751420711;1971-05-10 19:23:40.711;1970-01-01 00:48:32.676680921
234;2;7;38980;8;31433412131;1970-12-30 19:30:12.131;1970-01-01 00:35:41.574829399
235;1;3;46904;3;42778588419;1971-05-11 02:56:28.419;1970-01-01 00:48:34.527631094
236;1;3;47841;3;42794959774;1971-05-11 07:29:19.774;1970-01-01 00:48:35.643020084
237;1;3;47857;3;42831293179;1971-05-11 17:34:53.179;1970-01-01 00:48:38.118433993
238;2;6;47869;7;42844057893;1971-05-11 21:07:37.893;1970-01-01 00:48:38.988100643
239;1;3;47864;3;42838291781;1971-05-11 19:31:31.781;1970-01-01 00:48:38.595252413
240;3;3;39245;5;31522407945;1970-12-31 20:13:27.945;1970-01-01 00:35:47.638160812
241;2;6;47877;7;42848166490;1971-05-11 22:16:06.490;1970-01-01 00:48:39.268021508
242;2;6;47901;7;42861157285;1971-05-12 01:52:37.285;1970-01-01 00:48:40.153091174
243;4;3;36222;8;27380314051;1970-11-13 21:38:34.051;1970-01-01 00:31:05.435134700
244;1;4;47938;4;42887484111;1971-05-12 09:11:24.111;1970-01-01 00:48:41.946751616
245;10;15;36254;25;27467793623;1970-11-14 21:56:33.623;1970-01-01 00:31:11.395163751
246;10;15;36257;25;27467694410;1970-11-14 21:54:54.410;1970-01-01 00:31:11.388404318
247;1;3;47954;3;42922408613;1971-05-12 18:53:28.613;1970-01-01 00:48:44.326176227
248;5;4;47978;12;43007204547;1971-05-13 18:26:44.547;1970-01-01 00:48:50.103367616
249;1;1;47999;1;43010166334;1971-05-13 19:16:06.334;1970-01-01 00:48:50.305155715
250;3;2;48003;4;43013982465;1971-05-13 20:19:42.465;1970-01-01 00:48:50.565150718
251;2;1;36535;3;27934194234;1970-11-20 07:29:54.234;1970-01-01 00:31:43.171281621
252;3;3;48054;5;43036891385;1971-05-14 02:41:31.385;1970-01-01 00:48:52.125947435
253;2;1;36686;3;28146070715;1970-11-22 18:21:10.715;1970-01-01 00:31:57.606537226
254;6;3;36667;8;28066178506;1970-11-21 20:09:38.506;1970-01-01 00:31:52.163439190
255;2;1;36655;2;28064907780;1970-11-21 19:48:27.780;1970-01-01 00:31:52.076863962
256;6;5;36821;10;28667054576;1970-11-28 19:04:14.576;1970-01-01 00:32:33.101440503
257;1;1;36868;1;28693882297;1970-11-29 02:31:22.297;1970-01-01 00:32:34.929227184
258;6;6;36819;11;28762331071;1970-11-29 21:32:11.071;1970-01-01 00:32:39.592678001
259;1;5;47935;5;43061541718;1971-05-14 09:32:21.718;1970-01-01 00:48:53.805387531
260;1;3;48102;3;43095363209;1971-05-14 18:56:03.209;1970-01-01 00:48:56.109663424
261;6;6;37039;11;28767315301;1970-11-29 22:55:15.301;1970-01-01 00:32:39.932256201
262;4;3;48116;7;43115727057;1971-05-15 00:35:27.057;1970-01-01 00:48:57.497063053
263;6;6;37102;11;28767811319;1970-11-29 23:03:31.319;1970-01-01 00:32:39.966050167
264;1;4;37130;4;28777982312;1970-11-30 01:53:02.312;1970-01-01 00:32:40.659005247
265;4;2;37272;5;28902683168;1970-12-01 12:31:23.168;1970-01-01 00:32:49.154939869
266;1;3;37274;3;28907601229;1970-12-01 13:53:21.229;1970-01-01 00:32:49.490009940
267;1;2;37341;2;28963687829;1970-12-02 05:28:07.829;1970-01-01 00:32:53.311219369
268;2;14;37398;15;29040217850;1970-12-03 02:43:37.850;1970-01-01 00:32:58.525249777
269;2;2;37363;3;29067176247;1970-12-03 10:12:56.247;1970-01-01 00:33:00.361939482
270;4;3;37273;6;28905991157;1970-12-01 13:26:31.157;1970-01-01 00:32:49.380314892
271;1;2;37475;2;29133610605;1970-12-04 04:40:10.605;1970-01-01 00:33:04.888147083
272;1;1;37523;1;29193393928;1970-12-04 21:16:33.928;1970-01-01 00:33:08.961216186
273;2;3;37495;4;29186797807;1970-12-04 19:26:37.807;1970-01-01 00:33:08.511819008
274;1;2;37524;2;29193141849;1970-12-04 21:12:21.849;1970-01-01 00:33:08.944041912
275;1;2;37532;2;29193543054;1970-12-04 21:19:03.054;1970-01-01 00:33:08.971376218
276;3;3;37551;9;29238423984;1970-12-05 09:47:03.984;1970-01-01 00:33:12.029137482
277;1;2;37515;2;29192847829;1970-12-04 21:07:27.829;1970-01-01 00:33:08.924010175
278;1;1;37530;1;29193577537;1970-12-04 21:19:37.537;1970-01-01 00:33:08.973725563
279;1;2;37631;2;29289800613;1970-12-06 00:03:20.613;1970-01-01 00:33:15.529454121
280;2;6;48337;7;43288440337;1971-05-17 00:34:00.337;1970-01-01 00:49:09.264109265
281;3;5;39214;7;31521208437;1970-12-31 19:53:28.437;1970-01-01 00:35:47.556437704
282;1;9;37816;9;29645819333;1970-12-10 02:56:59.333;1970-01-01 00:33:39.785195953
283;1;9;37805;9;29642842312;1970-12-10 02:07:22.312;1970-01-01 00:33:39.582369953
284;1;9;37818;9;29646375459;1970-12-10 03:06:15.459;1970-01-01 00:33:39.823085108
285;3;7;37828;11;29649373493;1970-12-10 03:56:13.493;1970-01-01 00:33:40.027342735
286;5;4;37879;10;29746518981;1970-12-11 06:55:18.981;1970-01-01 00:33:46.645915705
287;3;3;37882;6;29750981379;1970-12-11 08:09:41.379;1970-01-01 00:33:46.949941218
288;1;2;37956;2;29867958154;1970-12-12 16:39:18.154;1970-01-01 00:33:54.919630156
289;1;9;37832;9;30160369170;1970-12-16 01:52:49.170;1970-01-01 00:34:14.841745805
290;2;6;48199;8;43194888458;1971-05-15 22:34:48.458;1970-01-01 00:49:02.890370758
291;1;3;48176;3;43176714030;1971-05-15 17:31:54.030;1970-01-01 00:49:01.652137460
292;2;6;48198;8;43193796337;1971-05-15 22:16:36.337;1970-01-01 00:49:02.815963982
293;5;3;48013;8;43198041895;1971-05-15 23:27:21.895;1970-01-01 00:49:03.105216072
294;1;3;38045;3;30247237372;1970-12-17 02:00:37.372;1970-01-01 00:34:20.760121898
295;1;3;48342;3;43291864592;1971-05-17 01:31:04.592;1970-01-01 00:49:09.497405551
296;4;3;48292;6;43231077647;1971-05-16 08:37:57.647;1970-01-01 00:49:05.355959156
297;2;6;48196;7;43287697705;1971-05-17 00:21:37.705;1970-01-01 00:49:09.213513358
298;2;2;48310;3;43279792796;1971-05-16 22:09:52.796;1970-01-01 00:49:08.674947768
299;1;3;48408;3;43350668970;1971-05-17 17:51:08.970;1970-01-01 00:49:13.503778619
300;1;3;48304;3;43269239825;1971-05-16 19:13:59.825;1970-01-01 00:49:07.955968327
301;1;3;48410;3;43351865538;1971-05-17 18:11:05.538;1970-01-01 00:49:13.585301423
302;1;3;48411;3;43352525805;1971-05-17 18:22:05.805;1970-01-01 00:49:13.630285760
303;2;4;48427;5;43369430828;1971-05-17 23:03:50.828;1970-01-01 00:49:14.782033829
304;3;3;38090;5;30336003727;1970-12-18 02:40:03.727;1970-01-01 00:34:26.807820149
305;3;1;48529;3;43458667161;1971-05-18 23:51:07.161;1970-01-01 00:49:20.861751927
306;2;4;48600;5;43473371242;1971-05-19 03:56:11.242;1970-01-01 00:49:21.863548666
307;1;3;48501;3;43447938825;1971-05-18 20:52:18.825;1970-01-01 00:49:20.130824778
308;2;2;48594;3;43470939907;1971-05-19 03:15:39.907;1970-01-01 00:49:21.697900539
309;1;3;48637;3;43523103844;1971-05-19 17:45:03.844;1970-01-01 00:49:25.251856884
310;4;17;39212;30;31525238259;1970-12-31 21:00:38.259;1970-01-01 00:35:47.830991587
311;1;1;48754;1;43625282861;1971-05-20 22:08:02.861;1970-01-01 00:49:32.213366821
312;2;14;48796;15;43638432869;1971-05-21 01:47:12.869;1970-01-01 00:49:33.109283752
313;1;6;48794;6;43633663182;1971-05-21 00:27:43.182;1970-01-01 00:49:32.784322479
314;1;4;38218;4;30515146976;1970-12-20 04:25:46.976;1970-01-01 00:34:39.012943516
315;1;4;38229;4;30528741590;1970-12-20 08:12:21.590;1970-01-01 00:34:39.939151687
316;1;4;38238;4;30543308889;1970-12-20 12:15:08.889;1970-01-01 00:34:40.931629397
317;1;4;38239;4;30543369041;1970-12-20 12:16:09.041;1970-01-01 00:34:40.935727584
318;3;7;38996;15;31437786901;1970-12-30 20:43:06.901;1970-01-01 00:35:41.872884770
319;1;7;38237;7;30543217463;1970-12-20 12:13:37.463;1970-01-01 00:34:40.925400495
320;1;3;38256;3;30570577961;1970-12-20 19:49:37.961;1970-01-01 00:34:42.789485552
321;1;7;38262;7;30579164392;1970-12-20 22:12:44.392;1970-01-01 00:34:43.374483593
322;1;7;38263;7;30584765137;1970-12-20 23:46:05.137;1970-01-01 00:34:43.756065282
323;1;3;38264;3;30596699874;1970-12-21 03:04:59.874;1970-01-01 00:34:44.569185164
324;1;14;48844;14;43663110980;1971-05-21 08:38:30.980;1970-01-01 00:49:34.790616378
325;5;3;48661;8;43710353637;1971-05-21 21:45:53.637;1970-01-01 00:49:38.009283339
326;1;3;48873;3;43694936308;1971-05-21 17:28:56.308;1970-01-01 00:49:36.958892641
327;4;17;39033;30;31445868115;1970-12-30 22:57:48.115;1970-01-01 00:35:42.423462112
328;1;3;48918;3;43718086303;1971-05-21 23:54:46.303;1970-01-01 00:49:38.536113923
329;5;2;48798;10;43698410853;1971-05-21 18:26:50.853;1970-01-01 00:49:37.195615211
330;1;13;48948;13;43731198277;1971-05-22 03:33:18.277;1970-01-01 00:49:39.429439578
331;1;13;48955;13;43735677136;1971-05-22 04:47:57.136;1970-01-01 00:49:39.734586588
332;1;13;49010;13;43799313606;1971-05-22 22:28:33.606;1970-01-01 00:49:44.070172614
333;1;3;48987;3;43784151504;1971-05-22 18:15:51.504;1970-01-01 00:49:43.037170664
334;1;5;49079;5;43873008679;1971-05-23 18:56:48.679;1970-01-01 00:49:49.091056529
335;1;5;49078;5;43872472284;1971-05-23 18:47:52.284;1970-01-01 00:49:49.054511657
336;1;3;49123;3;43955898478;1971-05-24 17:58:18.478;1970-01-01 00:49:54.738381943
337;9;14;49231;23;44065500410;1971-05-26 00:25:00.410;1970-01-01 00:50:02.205618966
338;3;7;38992;15;31437731901;1970-12-30 20:42:11.901;1970-01-01 00:35:41.869137592
339;3;7;38790;15;31437800267;1970-12-30 20:43:20.267;1970-01-01 00:35:41.873795403
340;3;7;38995;15;31437739674;1970-12-30 20:42:19.674;1970-01-01 00:35:41.869667170
341;3;7;38994;15;31437765390;1970-12-30 20:42:45.390;1970-01-01 00:35:41.871419215
342;1;1;49299;1;44139095959;1971-05-26 20:51:35.959;1970-01-01 00:50:07.219722259
343;1;1;49329;1;44144576479;1971-05-26 22:22:56.479;1970-01-01 00:50:07.593112957
344;1;1;49348;1;44151162183;1971-05-27 00:12:42.183;1970-01-01 00:50:08.041800419
345;1;1;49298;1;44138865237;1971-05-26 20:47:45.237;1970-01-01 00:50:07.204003049
346;1;1;49335;1;44149345321;1971-05-26 23:42:25.321;1970-01-01 00:50:07.918016660
347;1;1;49336;1;44149755186;1971-05-26 23:49:15.186;1970-01-01 00:50:07.945940977
348;1;1;49349;1;44151413928;1971-05-27 00:16:53.928;1970-01-01 00:50:08.058951938
349;1;1;49350;1;44151761279;1971-05-27 00:22:41.279;1970-01-01 00:50:08.082617143
350;1;1;49353;1;44152251692;1971-05-27 00:30:51.692;1970-01-01 00:50:08.116029238
351;1;1;49370;1;44154971132;1971-05-27 01:16:11.132;1970-01-01 00:50:08.301306109
352;1;1;49327;1;44144364726;1971-05-26 22:19:24.726;1970-01-01 00:50:07.578686114
353;1;7;49442;7;44175759413;1971-05-27 07:02:39.413;1970-01-01 00:50:09.717622580
354;1;1;49364;1;44154028361;1971-05-27 01:00:28.361;1970-01-01 00:50:08.237074627
355;1;3;38439;3;30854024812;1970-12-24 02:33:44.812;1970-01-01 00:35:02.100867945
356;1;1;49481;1;44227225393;1971-05-27 21:20:25.393;1970-01-01 00:50:13.224026749
357;1;3;38456;3;30908347775;1970-12-24 17:39:07.775;1970-01-01 00:35:05.801919862
358;2;4;49553;5;44288743214;1971-05-28 14:25:43.214;1970-01-01 00:50:17.415268109
359;1;3;38459;3;30915212091;1970-12-24 19:33:32.091;1970-01-01 00:35:06.269589305
360;1;1;49486;1;44229255994;1971-05-27 21:54:15.994;1970-01-01 00:50:13.362372658
361;1;14;49647;14;44328349517;1971-05-29 01:25:49.517;1970-01-01 00:50:20.113666273
362;3;7;38460;15;30917161298;1970-12-24 20:06:01.298;1970-01-01 00:35:06.402389799
363;1;3;38487;3;30938658383;1970-12-25 02:04:18.383;1970-01-01 00:35:07.866997458
364;1;2;33581;2;22405049726;1970-09-17 07:37:29.726;1970-01-01 00:25:26.467770813
365;1;3;33320;3;22435299930;1970-09-17 16:01:39.930;1970-01-01 00:25:28.528733052
366;1;2;38521;2;31028215009;1970-12-26 02:56:55.009;1970-01-01 00:35:13.968537286
367;1;3;49660;3;44334254122;1971-05-29 03:04:14.122;1970-01-01 00:50:20.515950104
368;2;6;49721;9;44372493290;1971-05-29 13:41:33.290;1970-01-01 00:50:23.121204645
369;2;5;49724;6;44388942583;1971-05-29 18:15:42.583;1970-01-01 00:50:24.241903591
370;1;3;49797;3;44412328609;1971-05-30 00:45:28.609;1970-01-01 00:50:25.835205789
371;1;2;49834;2;44440230153;1971-05-30 08:30:30.153;1970-01-01 00:50:27.736152593
372;1;3;49849;3;44475265742;1971-05-30 18:14:25.742;1970-01-01 00:50:30.123145619
373;11;3;49896;14;44496206459;1971-05-31 00:03:26.459;1970-01-01 00:50:31.549847634
374;1;11;49905;11;44498275099;1971-05-31 00:37:55.099;1970-01-01 00:50:31.690785161
375;2;6;49848;9;44474361823;1971-05-30 17:59:21.823;1970-01-01 00:50:30.061561144
376;1;1;49874;1;44486534805;1971-05-30 21:22:14.805;1970-01-01 00:50:30.890912783
377;1;1;49887;1;44488208516;1971-05-30 21:50:08.516;1970-01-01 00:50:31.004943589
378;1;1;49917;1;44504094860;1971-05-31 02:14:54.860;1970-01-01 00:50:32.087288525
379;1;4;49928;4;44512092948;1971-05-31 04:28:12.948;1970-01-01 00:50:32.632202449
380;1;2;49995;2;44646645019;1971-06-01 17:50:45.019;1970-01-01 00:50:41.799305508
381;1;2;50066;2;44688208238;1971-06-02 05:23:28.238;1970-01-01 00:50:44.631029384
382;1;2;49994;2;44645071263;1971-06-01 17:24:31.263;1970-01-01 00:50:41.692084688
383;1;3;33697;3;22623655942;1970-09-19 20:20:55.942;1970-01-01 00:25:41.361526787
384;1;1;39899;1;31865525508;1971-01-04 19:32:05.508;1970-01-01 00:36:11.014940062
385;1;8;50072;8;44690469910;1971-06-02 06:01:09.910;1970-01-01 00:50:44.785118282
386;5;11;39901;15;31873517173;1971-01-04 21:45:17.173;1970-01-01 00:36:11.559416383
387;1;1;39916;1;31884278272;1971-01-05 00:44:38.272;1970-01-01 00:36:12.292575693
388;1;1;39914;1;31886256945;1971-01-05 01:17:36.945;1970-01-01 00:36:12.427383721
389;1;8;50071;8;44689858104;1971-06-02 05:50:58.104;1970-01-01 00:50:44.743435619
390;1;13;50058;13;44684096340;1971-06-02 04:14:56.340;1970-01-01 00:50:44.350883620
391;1;1;50101;1;44741205509;1971-06-02 20:06:45.509;1970-01-01 00:50:48.241761211
392;1;1;50104;1;44742216517;1971-06-02 20:23:36.517;1970-01-01 00:50:48.310641715
393;1;1;50107;1;44753315998;1971-06-02 23:28:35.998;1970-01-01 00:50:49.066855168
394;1;1;50106;1;44742703616;1971-06-02 20:31:43.616;1970-01-01 00:50:48.343828025
395;7;4;50215;12;44769645265;1971-06-03 04:00:45.265;1970-01-01 00:50:50.179376680
396;1;3;50312;3;44841396212;1971-06-03 23:56:36.212;1970-01-01 00:50:55.067806274
397;8;4;50313;14;44842965924;1971-06-04 00:22:45.924;1970-01-01 00:50:55.174751574
398;2;4;50339;5;44861085567;1971-06-04 05:24:45.567;1970-01-01 00:50:56.409252341
399;1;2;50344;2;44857181841;1971-06-04 04:19:41.841;1970-01-01 00:50:56.143289444
400;8;7;50329;17;44851126750;1971-06-04 02:38:46.750;1970-01-01 00:50:55.730752923
401;1;3;50417;3;44927557193;1971-06-04 23:52:37.193;1970-01-01 00:51:00.937999030
402;5;1;50616;5;45084067782;1971-06-06 19:21:07.782;1970-01-01 00:51:11.601147419
403;1;2;50647;2;45100610906;1971-06-06 23:56:50.906;1970-01-01 00:51:12.728239120
404;9;1;50670;9;45158916121;1971-06-07 16:08:36.121;1970-01-01 00:51:16.700603951
405;3;7;40002;15;31977300102;1971-01-06 02:35:00.102;1970-01-01 00:36:18.630201685
406;1;2;50759;2;45279572606;1971-06-09 01:39:32.606;1970-01-01 00:51:24.920993459
407;2;9;40047;11;32027086077;1971-01-06 16:24:46.077;1970-01-01 00:36:22.022146233
408;1;5;40077;5;32047792727;1971-01-06 22:09:52.727;1970-01-01 00:36:23.432901141
409;4;17;40004;30;32036433968;1971-01-06 19:00:33.968;1970-01-01 00:36:22.659022942
410;2;6;40050;8;32041492356;1971-01-06 20:24:52.356;1970-01-01 00:36:23.003653566
411;1;5;40056;5;32046665855;1971-01-06 21:51:05.855;1970-01-01 00:36:23.356126762
412;1;5;40082;5;32050574911;1971-01-06 22:56:14.911;1970-01-01 00:36:23.622452794
413;2;7;50777;9;45278634549;1971-06-09 01:23:54.549;1970-01-01 00:51:24.857083145
414;1;5;40083;5;32051466413;1971-01-06 23:11:06.413;1970-01-01 00:36:23.683191292
415;2;7;40108;8;32058578152;1971-01-07 01:09:38.152;1970-01-01 00:36:24.167717794
416;1;3;33915;3;23028969849;1970-09-24 12:56:09.849;1970-01-01 00:26:08.975775524
417;1;13;50791;13;45284863549;1971-06-09 03:07:43.549;1970-01-01 00:51:25.281468177
418;1;5;40206;5;32144275707;1971-01-08 00:57:55.707;1970-01-01 00:36:30.006337094
419;6;4;33950;19;23117694369;1970-09-25 13:34:54.369;1970-01-01 00:26:15.020623535
420;6;3;33951;13;23123377468;1970-09-25 15:09:37.468;1970-01-01 00:26:15.407816046
421;6;3;33958;13;23152468740;1970-09-25 23:14:28.740;1970-01-01 00:26:17.389819642
422;1;2;33991;2;23268477129;1970-09-27 07:27:57.129;1970-01-01 00:26:25.293531935
423;1;3;33992;3;23330049983;1970-09-28 00:34:09.983;1970-01-01 00:26:29.488522722
424;1;1;50808;1;45329625583;1971-06-09 15:33:45.583;1970-01-01 00:51:28.331128994
425;1;1;50801;1;45295756066;1971-06-09 06:09:16.066;1970-01-01 00:51:26.023581064
426;1;1;50857;1;45361152013;1971-06-10 00:19:12.013;1970-01-01 00:51:30.479041179
427;2;14;40864;15;33217329872;1971-01-20 11:02:09.872;1970-01-01 00:37:43.114079288
428;2;2;50945;3;45463404629;1971-06-11 04:43:24.629;1970-01-01 00:51:37.445565455
429;8;7;40992;21;45458727094;1971-06-11 03:25:27.094;1970-01-01 00:51:37.126882546
430;4;1;50990;4;45523610520;1971-06-11 21:26:50.520;1970-01-01 00:51:41.547424337
431;1;2;51034;2;45552304827;1971-06-12 05:25:04.827;1970-01-01 00:51:43.502382499
432;2;3;51100;4;45604189665;1971-06-12 19:49:49.665;1970-01-01 00:51:47.037323683
433;8;3;51187;17;45709227549;1971-06-14 01:00:27.549;1970-01-01 00:51:54.193609726
434;1;4;51213;4;45713354616;1971-06-14 02:09:14.616;1970-01-01 00:51:54.474788962
435;1;14;44196;14;45735319471;1971-06-14 08:15:19.471;1970-01-01 00:51:55.971266035
436;2;1;51250;2;45796667802;1971-06-15 01:17:47.802;1970-01-01 00:52:00.150959953
437;1;4;51249;4;45794142087;1971-06-15 00:35:42.087;1970-01-01 00:51:59.978881667
438;7;3;51294;9;45879659122;1971-06-16 00:20:59.122;1970-01-01 00:52:05.805202045
439;5;1;40857;6;33209147775;1971-01-20 08:45:47.775;1970-01-01 00:37:42.556628735
440;8;3;51371;10;45972764535;1971-06-17 02:12:44.535;1970-01-01 00:52:12.148522590
441;1;6;51423;6;45994672776;1971-06-17 08:17:52.776;1970-01-01 00:52:13.641142522
442;2;2;41041;4;33739386001;1971-01-26 12:03:06.001;1970-01-01 00:38:18.682036745
443;1;3;51464;3;46040487194;1971-06-17 21:01:27.194;1970-01-01 00:52:16.762502812
444;2;2;51458;3;46029472395;1971-06-17 17:57:52.395;1970-01-01 00:52:16.012058788
445;1;3;51459;3;46029608083;1971-06-17 18:00:08.083;1970-01-01 00:52:16.021303283
446;1;1;41119;1;33765234532;1971-01-26 19:13:54.532;1970-01-01 00:38:20.443110698
447;1;13;51569;13;46131351181;1971-06-18 22:15:51.181;1970-01-01 00:52:22.953113830
448;1;3;51595;3;46139781174;1971-06-19 00:36:21.174;1970-01-01 00:52:23.527453667
449;2;4;51767;5;46251323299;1971-06-20 07:35:23.299;1970-01-01 00:52:31.126877056
450;2;4;51885;5;46679625179;1971-06-25 06:33:45.179;1970-01-01 00:53:00.307308431
451;1;3;52014;3;46719964920;1971-06-25 17:46:04.920;1970-01-01 00:53:03.055676111
452;1;14;52146;14;46790169106;1971-06-26 13:16:09.106;1970-01-01 00:53:07.838724067
453;2;17;52337;18;46919960512;1971-06-28 01:19:20.512;1970-01-01 00:53:16.681480526
454;7;7;41286;31;33956294962;1971-01-29 00:18:14.962;1970-01-01 00:38:33.460157848
455;1;7;41303;7;33960168302;1971-01-29 01:22:48.302;1970-01-01 00:38:33.724050531
456;2;17;52345;18;47053338126;1971-06-29 14:22:18.126;1970-01-01 00:53:25.768567215
457;2;17;52356;18;47053467014;1971-06-29 14:24:27.014;1970-01-01 00:53:25.777348422
458;1;3;52370;3;47053494618;1971-06-29 14:24:54.618;1970-01-01 00:53:25.779229097
459;2;17;52349;18;47053346655;1971-06-29 14:22:26.655;1970-01-01 00:53:25.769148300
460;1;3;52561;3;47172384398;1971-06-30 23:26:24.398;1970-01-01 00:53:33.879252068
461;2;20;52513;21;47163399444;1971-06-30 20:56:39.444;1970-01-01 00:53:33.267102447
462;1;4;52686;4;47246454629;1971-07-01 20:00:54.629;1970-01-01 00:53:38.925695695
463;1;3;52705;3;47257634663;1971-07-01 23:07:14.663;1970-01-01 00:53:39.687397266
464;3;8;52767;10;47341003636;1971-07-02 22:16:43.636;1970-01-01 00:53:45.367369055
465;1;5;52756;5;47338672593;1971-07-02 21:37:52.593;1970-01-01 00:53:45.208553874
466;1;4;52688;4;47246676754;1971-07-01 20:04:36.754;1970-01-01 00:53:38.940829187
467;2;14;52722;17;47326513743;1971-07-02 18:15:13.743;1970-01-01 00:53:44.380165056
468;16;4;34081;35;23734431718;1970-10-02 16:53:51.718;1970-01-01 00:26:57.039262093
469;3;8;52764;10;47339800212;1971-07-02 21:56:40.212;1970-01-01 00:53:45.285379147
470;7;1;52830;7;47417724998;1971-07-03 19:35:24.998;1970-01-01 00:53:50.594435625
471;1;3;34139;3;23781325936;1970-10-03 05:55:25.936;1970-01-01 00:27:00.234189722
472;3;2;41427;4;34043115382;1971-01-30 00:25:15.382;1970-01-01 00:38:39.375278528
473;2;2;41429;3;34043249866;1971-01-30 00:27:29.866;1970-01-01 00:38:39.384440994
474;7;17;41391;43;34033463862;1971-01-29 21:44:23.862;1970-01-01 00:38:38.717715416
475;1;1;41494;1;34061374138;1971-01-30 05:29:34.138;1970-01-01 00:38:40.619257136
476;1;4;53098;4;47756263850;1971-07-07 17:37:43.850;1970-01-01 00:54:13.659264896
477;1;13;53119;13;47774309395;1971-07-07 22:38:29.395;1970-01-01 00:54:14.888717327
478;1;1;53123;1;47770577032;1971-07-07 21:36:17.032;1970-01-01 00:54:14.634429481
479;1;3;34240;3;23938408099;1970-10-05 01:33:28.099;1970-01-01 00:27:10.936279748
480;2;6;53193;7;47830316539;1971-07-08 14:11:56.539;1970-01-01 00:54:18.704513377
481;1;7;41552;7;34221561045;1971-02-01 01:59:21.045;1970-01-01 00:38:51.532874996
482;1;3;34286;3;24104374538;1970-10-06 23:39:34.538;1970-01-01 00:27:22.243660149
483;1;2;34303;2;24113008796;1970-10-07 02:03:28.796;1970-01-01 00:27:22.831916668
484;1;3;53265;3;47872730792;1971-07-09 01:58:50.792;1970-01-01 00:54:21.594218645
485;1;3;53351;3;47964030723;1971-07-10 03:20:30.723;1970-01-01 00:54:27.814530756
486;1;3;53258;3;47883109877;1971-07-09 04:51:49.877;1970-01-01 00:54:22.301351142
487;1;3;53259;3;47883112455;1971-07-09 04:51:52.455;1970-01-01 00:54:22.301526782
488;1;3;53354;3;47965487689;1971-07-10 03:44:47.689;1970-01-01 00:54:27.913794613
489;1;3;53352;3;47964599255;1971-07-10 03:29:59.255;1970-01-01 00:54:27.853265139
490;2;7;42006;8;47961218063;1971-07-10 02:33:38.063;1970-01-01 00:54:27.622902757
491;1;7;34331;7;24169938392;1970-10-07 17:52:18.392;1970-01-01 00:27:26.710559856
492;1;1;34343;1;24179013099;1970-10-07 20:23:33.099;1970-01-01 00:27:27.328824397
493;1;1;34339;1;24178214569;1970-10-07 20:10:14.569;1970-01-01 00:27:27.274420130
494;1;3;53386;3;47976026051;1971-07-10 06:40:26.051;1970-01-01 00:54:28.631778734
495;1;3;53364;3;47973114661;1971-07-10 05:51:54.661;1970-01-01 00:54:28.433424209
496;1;3;53371;3;47974235205;1971-07-10 06:10:35.205;1970-01-01 00:54:28.509767459
497;1;3;53367;3;47973325811;1971-07-10 05:55:25.811;1970-01-01 00:54:28.447809969
498;1;3;53375;3;47974451772;1971-07-10 06:14:11.772;1970-01-01 00:54:28.524522282
499;1;3;53377;3;47975017921;1971-07-10 06:23:37.921;1970-01-01 00:54:28.563094310
500;2;20;53430;21;48026317564;1971-07-10 20:38:37.564;1970-01-01 00:54:32.058165851
501;1;3;53384;3;47975542251;1971-07-10 06:32:22.251;1970-01-01 00:54:28.598817187
502;1;3;53369;3;47974150248;1971-07-10 06:09:10.248;1970-01-01 00:54:28.503979294
503;1;3;53396;3;47978346326;1971-07-10 07:19:06.326;1970-01-01 00:54:28.789860285
504;1;3;53374;3;47974365396;1971-07-10 06:12:45.396;1970-01-01 00:54:28.518637440
505;1;3;53398;3;47978682411;1971-07-10 07:24:42.411;1970-01-01 00:54:28.812757932
506;1;3;53365;3;47973229872;1971-07-10 05:53:49.872;1970-01-01 00:54:28.441273595
507;1;3;53380;3;47975237642;1971-07-10 06:27:17.642;1970-01-01 00:54:28.578064016
508;1;3;53383;3;47975466733;1971-07-10 06:31:06.733;1970-01-01 00:54:28.593672106
509;8;1;53441;8;48031765028;1971-07-10 22:09:25.028;1970-01-01 00:54:32.429304427
510;1;3;53454;3;48036265506;1971-07-10 23:24:25.506;1970-01-01 00:54:32.735924349
511;1;3;53448;3;48035557642;1971-07-10 23:12:37.642;1970-01-01 00:54:32.687697204
512;1;3;53453;3;48036066849;1971-07-10 23:21:06.849;1970-01-01 00:54:32.722389744
513;1;3;53476;3;48047930347;1971-07-11 02:38:50.347;1970-01-01 00:54:33.530656075
514;1;3;53482;3;48052087085;1971-07-11 03:48:07.085;1970-01-01 00:54:33.813856812
515;1;3;53385;3;47975608491;1971-07-10 06:33:28.491;1970-01-01 00:54:28.603330153
516;1;3;53477;3;48048157146;1971-07-11 02:42:37.146;1970-01-01 00:54:33.546108010
517;1;3;53382;3;47975395633;1971-07-10 06:29:55.633;1970-01-01 00:54:28.588828026
518;1;3;53475;3;48047521246;1971-07-11 02:32:01.246;1970-01-01 00:54:33.502783810
519;1;3;53481;3;48051881023;1971-07-11 03:44:41.023;1970-01-01 00:54:33.799817700
520;1;3;53471;3;48047010185;1971-07-11 02:23:30.185;1970-01-01 00:54:33.467964956
521;1;14;41570;14;34324924742;1971-02-02 06:42:04.742;1970-01-01 00:38:58.575097802
522;1;2;34387;2;24197038879;1970-10-08 01:23:58.879;1970-01-01 00:27:28.556930228
523;1;3;53474;3;48047411402;1971-07-11 02:30:11.402;1970-01-01 00:54:33.495300081
524;1;2;34393;2;24198418776;1970-10-08 01:46:58.776;1970-01-01 00:27:28.650943333
525;1;3;53472;3;48047142450;1971-07-11 02:25:42.450;1970-01-01 00:54:33.476976240
526;1;3;53473;3;48047289387;1971-07-11 02:28:09.387;1970-01-01 00:54:33.486987135
527;1;3;34391;3;24198666247;1970-10-08 01:51:06.247;1970-01-01 00:27:28.667803662
528;1;1;34179;1;23858164251;1970-10-04 03:16:04.251;1970-01-01 00:27:05.469224362
529;1;4;43406;4;48142094832;1971-07-12 04:48:14.832;1970-01-01 00:54:39.946131750
530;2;6;53249;7;48283066839;1971-07-13 19:57:46.839;1970-01-01 00:54:49.550628411
531;1;3;53648;3;48295620797;1971-07-13 23:27:00.797;1970-01-01 00:54:50.405936143
532;2;6;53601;7;48283404535;1971-07-13 20:03:24.535;1970-01-01 00:54:49.573635816
533;4;13;53696;17;48324101523;1971-07-14 07:21:41.523;1970-01-01 00:54:52.346342920
534;1;2;34486;2;24276325489;1970-10-08 23:25:25.489;1970-01-01 00:27:33.958768487
535;4;13;53697;17;48324519316;1971-07-14 07:28:39.316;1970-01-01 00:54:52.374807376
536;4;13;53682;17;48313213769;1971-07-14 04:20:13.769;1970-01-01 00:54:51.604554539
537;1;2;34525;2;24349483774;1970-10-09 19:44:43.774;1970-01-01 00:27:38.943080756
538;1;2;34526;2;24350272756;1970-10-09 19:57:52.756;1970-01-01 00:27:38.996834513
539;1;3;53924;3;48558759737;1971-07-17 00:32:39.737;1970-01-01 00:55:08.333729925
540;4;13;53935;17;48568754168;1971-07-17 03:19:14.168;1970-01-01 00:55:09.014655743
541;1;14;34599;14;24412594336;1970-10-10 13:16:34.336;1970-01-01 00:27:43.242836394
542;1;14;32423;14;24427553239;1970-10-10 17:25:53.239;1970-01-01 00:27:44.261994289
543;2;14;53932;15;48564793137;1971-07-17 02:13:13.137;1970-01-01 00:55:08.744788627
544;2;24;54111;25;48763892168;1971-07-19 09:31:32.168;1970-01-01 00:55:22.309509872
545;6;1;54053;6;48662884559;1971-07-18 05:28:04.559;1970-01-01 00:55:15.427808576
546;2;14;34681;15;24694763742;1970-10-13 19:39:23.742;1970-01-01 00:28:02.467185790
547;1;1;34686;1;24706743896;1970-10-13 22:59:03.896;1970-01-01 00:28:03.283399956
548;1;3;54198;3;48890754508;1971-07-20 20:45:54.508;1970-01-01 00:55:30.952707531
549;1;3;54197;3;48890796824;1971-07-20 20:46:36.824;1970-01-01 00:55:30.955590542
550;1;3;54211;3;48899071896;1971-07-20 23:04:31.896;1970-01-01 00:55:31.519375531
551;1;3;54212;3;48899195687;1971-07-20 23:06:35.687;1970-01-01 00:55:31.527809477
552;1;3;54196;3;48890718366;1971-07-20 20:45:18.366;1970-01-01 00:55:30.950245157
553;1;3;54207;3;48897074656;1971-07-20 22:31:14.656;1970-01-01 00:55:31.383302524
554;3;3;54255;7;48921872174;1971-07-21 05:24:32.174;1970-01-01 00:55:33.072770411
555;4;4;34712;7;24782221753;1970-10-14 19:57:01.753;1970-01-01 00:28:08.425745879
556;1;3;54383;3;49073644343;1971-07-22 23:34:04.343;1970-01-01 00:55:43.413087764
557;2;3;34722;4;24784867350;1970-10-14 20:41:07.350;1970-01-01 00:28:08.605991788
558;1;3;34728;3;24795223336;1970-10-14 23:33:43.336;1970-01-01 00:28:09.311550538
559;1;2;34762;2;24796738119;1970-10-14 23:58:58.119;1970-01-01 00:28:09.414753497
560;1;1;34765;1;24797671952;1970-10-15 00:14:31.952;1970-01-01 00:28:09.478376028
561;1;3;54419;3;49142316120;1971-07-23 18:38:36.120;1970-01-01 00:55:48.091731893
562;1;1;34770;1;24801461045;1970-10-15 01:17:41.045;1970-01-01 00:28:09.736528918
563;2;4;54468;6;49173999119;1971-07-24 03:26:39.119;1970-01-01 00:55:50.250311207
564;1;2;34784;2;24831681245;1970-10-15 09:41:21.245;1970-01-01 00:28:11.795446970
565;1;1;34787;1;24832224787;1970-10-15 09:50:24.787;1970-01-01 00:28:11.832478771
566;1;1;34788;1;24833291681;1970-10-15 10:08:11.681;1970-01-01 00:28:11.905166818
567;1;1;34790;1;24834903009;1970-10-15 10:35:03.009;1970-01-01 00:28:12.014947439
568;1;3;54469;3;49176582052;1971-07-24 04:09:42.052;1970-01-01 00:55:50.426287785
569;1;3;34839;3;24886759342;1970-10-16 00:59:19.342;1970-01-01 00:28:15.547946562
570;3;5;54536;8;49264844612;1971-07-25 04:40:44.612;1970-01-01 00:55:56.439662218
571;2;4;54556;5;49318760206;1971-07-25 19:39:20.206;1970-01-01 00:56:00.112959872
572;2;4;54618;5;49422745854;1971-07-27 00:32:25.854;1970-01-01 00:56:07.197556525
573;1;3;54574;3;49363309595;1971-07-26 08:01:49.595;1970-01-01 00:56:03.148133074
574;2;4;54615;5;49421221721;1971-07-27 00:07:01.721;1970-01-01 00:56:07.093716545
575;2;4;54603;5;49409587148;1971-07-26 20:53:07.148;1970-01-01 00:56:06.301046994
576;2;4;54600;5;49409406188;1971-07-26 20:50:06.188;1970-01-01 00:56:06.288718095
577;1;3;54572;3;49361242748;1971-07-26 07:27:22.748;1970-01-01 00:56:03.007317705
578;2;4;54599;5;49409350466;1971-07-26 20:49:10.466;1970-01-01 00:56:06.284921726
579;2;4;54601;5;49409463335;1971-07-26 20:51:03.335;1970-01-01 00:56:06.292611550
580;2;4;54575;5;49363369959;1971-07-26 08:02:49.959;1970-01-01 00:56:03.152245705
581;2;4;54577;5;49363510186;1971-07-26 08:05:10.186;1970-01-01 00:56:03.161799444
582;2;4;54602;5;49409515273;1971-07-26 20:51:55.273;1970-01-01 00:56:06.296150113
583;3;6;54628;10;49431683518;1971-07-27 03:01:23.518;1970-01-01 00:56:07.806484254
584;2;4;54639;5;49440407089;1971-07-27 05:26:47.089;1970-01-01 00:56:08.400825714
585;2;4;54641;5;49440529583;1971-07-27 05:28:49.583;1970-01-01 00:56:08.409171294
586;2;4;54642;5;49440609208;1971-07-27 05:30:09.208;1970-01-01 00:56:08.414596187
587;2;4;54688;5;49480111096;1971-07-27 16:28:31.096;1970-01-01 00:56:11.105880503
588;2;4;54643;5;49440681168;1971-07-27 05:31:21.168;1970-01-01 00:56:08.419498860
589;2;4;54689;5;49480159305;1971-07-27 16:29:19.305;1970-01-01 00:56:11.109165007
590;2;4;54690;5;49480206891;1971-07-27 16:30:06.891;1970-01-01 00:56:11.112407067
591;2;7;54722;8;49500244525;1971-07-27 22:04:04.525;1970-01-01 00:56:12.477581564
592;2;8;54723;9;49501053935;1971-07-27 22:17:33.935;1970-01-01 00:56:12.532727091
593;2;4;54751;5;49516266566;1971-07-28 02:31:06.566;1970-01-01 00:56:13.569171608
594;2;4;54752;5;49516312795;1971-07-28 02:31:52.795;1970-01-01 00:56:13.572321214
595;2;4;54750;5;49516228374;1971-07-28 02:30:28.374;1970-01-01 00:56:13.566569567
596;2;4;54753;5;49516352396;1971-07-28 02:32:32.396;1970-01-01 00:56:13.575019251
597;2;24;54783;25;49542050582;1971-07-28 09:40:50.582;1970-01-01 00:56:15.325850120
598;1;2;35017;2;25264950950;1970-10-20 10:02:30.950;1970-01-01 00:28:41.314338865
599;2;4;54749;5;49516185326;1971-07-28 02:29:45.326;1970-01-01 00:56:13.563636684
600;2;24;54798;25;49576125138;1971-07-28 19:08:45.138;1970-01-01 00:56:17.647367465
601;2;24;54939;25;49625107336;1971-07-29 08:45:07.336;1970-01-01 00:56:20.984550265
602;3;1;54917;3;49618918599;1971-07-29 07:01:58.599;1970-01-01 00:56:20.562908373
603;2;3;54835;4;49591415845;1971-07-28 23:23:35.845;1970-01-01 00:56:18.689131340
604;1;3;54942;3;49646989626;1971-07-29 14:49:49.626;1970-01-01 00:56:22.475402142
605;1;3;54971;3;49666907781;1971-07-29 20:21:47.781;1970-01-01 00:56:23.832436473
606;1;3;54991;3;49677315242;1971-07-29 23:15:15.242;1970-01-01 00:56:24.541502241
607;1;3;54998;3;49679376391;1971-07-29 23:49:36.391;1970-01-01 00:56:24.681929402
608;3;6;55028;10;49697885437;1971-07-30 04:58:05.437;1970-01-01 00:56:25.942960399
609;2;24;55057;25;49748021630;1971-07-30 18:53:41.630;1970-01-01 00:56:29.358765483
610;2;24;55059;25;49748271427;1971-07-30 18:57:51.427;1970-01-01 00:56:29.375784283
611;1;1;55080;1;49756744110;1971-07-30 21:19:04.110;1970-01-01 00:56:29.953032613
612;1;1;55081;1;49757337055;1971-07-30 21:28:57.055;1970-01-01 00:56:29.993430266
613;1;3;55094;3;49764589492;1971-07-30 23:29:49.492;1970-01-01 00:56:30.487542597
614;2;6;55242;7;49858471236;1971-08-01 01:34:31.236;1970-01-01 00:56:36.883754979
615;1;6;55218;6;49852661862;1971-07-31 23:57:41.862;1970-01-01 00:56:36.487959286
616;1;3;55249;3;49860154983;1971-08-01 02:02:34.983;1970-01-01 00:56:36.998469544
617;1;3;55380;3;50013194747;1971-08-02 20:33:14.747;1970-01-01 00:56:47.425148809
618;1;3;41738;3;35096896315;1971-02-11 05:08:16.315;1970-01-01 00:39:51.169925333
619;1;3;35427;3;35242221547;1971-02-12 21:30:21.547;1970-01-01 00:40:01.071009493
620;7;16;41781;43;35521042710;1971-02-16 02:57:22.710;1970-01-01 00:40:20.067241340
621;1;3;41782;3;35522901215;1971-02-16 03:28:21.215;1970-01-01 00:40:20.193862259
622;1;1;41790;1;35540309175;1971-02-16 08:18:29.175;1970-01-01 00:40:21.379875689
623;4;1;41799;4;35555275895;1971-02-16 12:27:55.895;1970-01-01 00:40:22.399566161
624;1;2;41804;2;35558233949;1971-02-16 13:17:13.949;1970-01-01 00:40:22.601099929
625;1;14;55603;14;50227850108;1971-08-05 08:10:50.108;1970-01-01 00:57:02.049730963
626;2;2;41838;4;35609595688;1971-02-17 03:33:15.688;1970-01-01 00:40:26.100402104
627;3;2;41840;5;35612279916;1971-02-17 04:17:59.916;1970-01-01 00:40:26.283279963
628;1;3;41859;3;35632814450;1971-02-17 10:00:14.450;1970-01-01 00:40:27.682308518
629;2;7;41938;8;35691834882;1971-02-18 02:23:54.882;1970-01-01 00:40:31.703401458
630;1;3;41946;3;35703633770;1971-02-18 05:40:33.770;1970-01-01 00:40:32.507265876
631;1;2;41949;2;35709129503;1971-02-18 07:12:09.503;1970-01-01 00:40:32.881693043
632;1;1;41956;1;35716450851;1971-02-18 09:14:10.851;1970-01-01 00:40:33.380500316
633;1;3;55706;3;50307001407;1971-08-06 06:10:01.407;1970-01-01 00:57:07.442350414
634;1;14;55710;14;50312064530;1971-08-06 07:34:24.530;1970-01-01 00:57:07.787303635
635;1;3;55717;3;50340838426;1971-08-06 15:33:58.426;1970-01-01 00:57:09.747684238
636;1;4;55751;4;50359578744;1971-08-06 20:46:18.744;1970-01-01 00:57:11.024471917
637;1;3;55704;3;50304851692;1971-08-06 05:34:11.692;1970-01-01 00:57:07.295889205
638;1;3;41963;3;35757216857;1971-02-18 20:33:36.857;1970-01-01 00:40:36.157909653
639;2;3;55826;4;50381156327;1971-08-07 02:45:56.327;1970-01-01 00:57:12.494563947
640;1;2;55812;2;50376563221;1971-08-07 01:29:23.221;1970-01-01 00:57:12.181633230
641;1;2;55884;2;50443152447;1971-08-07 19:59:12.447;1970-01-01 00:57:16.718392068
642;1;2;55895;2;50448966960;1971-08-07 21:36:06.960;1970-01-01 00:57:17.114537884
643;1;2;55894;2;50446562289;1971-08-07 20:56:02.289;1970-01-01 00:57:16.950706389
644;1;3;55911;3;50460574363;1971-08-08 00:49:34.363;1970-01-01 00:57:17.905356329
645;1;12;55909;12;50458083173;1971-08-08 00:08:03.173;1970-01-01 00:57:17.735630249
646;3;3;42004;6;35796010196;1971-02-19 07:20:10.196;1970-01-01 00:40:38.800920155
647;1;3;56000;3;50541054325;1971-08-08 23:10:54.325;1970-01-01 00:57:23.388498285
648;1;3;56025;3;50582580452;1971-08-09 10:43:00.452;1970-01-01 00:57:26.217695064
649;1;3;56020;3;50578546910;1971-08-09 09:35:46.910;1970-01-01 00:57:25.942887735
650;1;1;56194;1;50736400605;1971-08-11 05:26:40.605;1970-01-01 00:57:36.697542640
651;1;15;56159;15;50722987800;1971-08-11 01:43:07.800;1970-01-01 00:57:35.783721211
652;1;15;56209;15;50742166864;1971-08-11 07:02:46.864;1970-01-01 00:57:37.090400885
653;1;15;56221;15;50746603303;1971-08-11 08:16:43.303;1970-01-01 00:57:37.392657797
654;1;15;56166;15;50727476250;1971-08-11 02:57:56.250;1970-01-01 00:57:36.089521660
655;1;15;56182;15;50731826627;1971-08-11 04:10:26.627;1970-01-01 00:57:36.385915123
656;4;2;42177;8;35971316881;1971-02-21 08:01:56.881;1970-01-01 00:40:50.744656407
657;1;2;42162;2;35972113771;1971-02-21 08:15:13.771;1970-01-01 00:40:50.798948940
658;1;2;42181;2;35972312865;1971-02-21 08:18:32.865;1970-01-01 00:40:50.812513319
659;1;3;56253;3;50786882622;1971-08-11 19:28:02.622;1970-01-01 00:57:40.136908894
660;1;3;56279;3;50794675709;1971-08-11 21:37:55.709;1970-01-01 00:57:40.667855992
661;1;3;56284;3;50796065168;1971-08-11 22:01:05.168;1970-01-01 00:57:40.762520562
662;2;4;56273;5;50795430576;1971-08-11 21:50:30.576;1970-01-01 00:57:40.719285476
663;1;2;56289;2;50800047517;1971-08-11 23:07:27.517;1970-01-01 00:57:41.033840084
664;3;3;56326;6;50812109910;1971-08-12 02:28:29.910;1970-01-01 00:57:41.855657236
665;1;15;56291;15;50804721131;1971-08-12 00:25:21.131;1970-01-01 00:57:41.352255854
666;3;3;56332;6;50814163967;1971-08-12 03:02:43.967;1970-01-01 00:57:41.995601215
667;1;15;56306;15;50808534903;1971-08-12 01:28:54.903;1970-01-01 00:57:41.612090137
668;1;15;56331;15;50813088121;1971-08-12 02:44:48.121;1970-01-01 00:57:41.922303264
669;2;3;56396;4;50879199477;1971-08-12 21:06:39.477;1970-01-01 00:57:46.426504569
670;1;15;56359;15;50830401820;1971-08-12 07:33:21.820;1970-01-01 00:57:43.101894644
671;2;2;56454;4;50909053192;1971-08-13 05:24:13.192;1970-01-01 00:57:48.460453806
672;1;3;56513;3;50959934096;1971-08-13 19:32:14.096;1970-01-01 00:57:51.926996440
673;1;3;56617;3;50979995645;1971-08-14 01:06:35.645;1970-01-01 00:57:53.293800280
674;1;3;56627;3;50983166275;1971-08-14 01:59:26.275;1970-01-01 00:57:53.509816962
675;1;14;56631;14;50984848460;1971-08-14 02:27:28.460;1970-01-01 00:57:53.624425107
676;1;4;56743;4;51056371064;1971-08-14 22:19:31.064;1970-01-01 00:57:58.497297572
677;1;4;56757;4;51058104545;1971-08-14 22:48:24.545;1970-01-01 00:57:58.615400540
678;1;4;56741;4;51054704420;1971-08-14 21:51:44.420;1970-01-01 00:57:58.383748243
679;2;5;56855;9;51225481269;1971-08-16 21:18:01.269;1970-01-01 00:58:10.018864398
680;1;3;56902;3;51304500999;1971-08-17 19:15:00.999;1970-01-01 00:58:15.402519983
681;1;13;56923;13;51317627453;1971-08-17 22:53:47.453;1970-01-01 00:58:16.296832168
682;1;13;56929;13;51321093917;1971-08-17 23:51:33.917;1970-01-01 00:58:16.533004176
683;1;3;56899;3;51300985843;1971-08-17 18:16:25.843;1970-01-01 00:58:15.163030564
684;2;7;56908;8;51306518351;1971-08-17 19:48:38.351;1970-01-01 00:58:15.539963231
685;1;15;56943;15;51326706367;1971-08-18 01:25:06.367;1970-01-01 00:58:16.915383333
686;1;14;56978;14;51342575868;1971-08-18 05:49:35.868;1970-01-01 00:58:17.996580747
687;1;13;56988;13;51387118728;1971-08-18 18:11:58.728;1970-01-01 00:58:21.031309125
688;1;13;56987;13;51385977554;1971-08-18 17:52:57.554;1970-01-01 00:58:20.953560343
689;1;14;57000;14;51392582099;1971-08-18 19:43:02.099;1970-01-01 00:58:21.403531452
690;1;13;56994;13;51389762322;1971-08-18 18:56:02.322;1970-01-01 00:58:21.211418568
691;1;5;57058;5;51429083035;1971-08-19 05:51:23.035;1970-01-01 00:58:23.890359336
692;1;14;57035;14;51415928073;1971-08-19 02:12:08.073;1970-01-01 00:58:22.994104886
693;1;14;57092;14;51434855360;1971-08-19 07:27:35.360;1970-01-01 00:58:24.283630861
694;1;14;57192;14;51504536206;1971-08-20 02:48:56.206;1970-01-01 00:58:29.031023390
695;2;5;57229;9;51547996656;1971-08-20 14:53:16.656;1970-01-01 00:58:31.992006607
696;1;14;57315;14;51591137865;1971-08-21 02:52:17.865;1970-01-01 00:58:34.931239768
697;1;14;57401;14;51698427196;1971-08-22 08:40:27.196;1970-01-01 00:58:42.240918074
698;1;2;42265;2;36310151783;1971-02-25 06:09:11.783;1970-01-01 00:41:13.829655720
699;1;14;57563;14;51945548356;1971-08-25 05:19:08.356;1970-01-01 00:58:59.077412116
700;1;1;42391;1;36465652814;1971-02-27 01:20:52.814;1970-01-01 00:41:24.424022395
701;1;3;42420;3;36466914435;1971-02-27 01:41:54.435;1970-01-01 00:41:24.509977294
702;2;3;42471;4;36468903345;1971-02-27 02:15:03.345;1970-01-01 00:41:24.645482774
703;4;3;42505;6;36470126476;1971-02-27 02:35:26.476;1970-01-01 00:41:24.728815329
704;3;3;42182;6;36476209163;1971-02-27 04:16:49.163;1970-01-01 00:41:25.143231980
705;1;2;42560;2;36521636160;1971-02-27 16:53:56.160;1970-01-01 00:41:28.238197075
706;1;3;42561;3;36521917110;1971-02-27 16:58:37.110;1970-01-01 00:41:28.257338345
707;4;2;42564;5;36528915530;1971-02-27 18:55:15.530;1970-01-01 00:41:28.734144365
708;1;3;42619;3;36616772462;1971-02-28 19:19:32.462;1970-01-01 00:41:34.719883150
709;1;14;57572;14;51955639925;1971-08-25 08:07:19.925;1970-01-01 00:58:59.764955997
710;1;14;57537;14;51940106484;1971-08-25 03:48:26.484;1970-01-01 00:58:58.706654527
711;1;1;57733;1;52022318318;1971-08-26 02:38:38.318;1970-01-01 00:59:04.307789830
712;1;1;57686;1;52005864663;1971-08-25 22:04:24.663;1970-01-01 00:59:03.186793699
713;1;1;57826;1;52065869451;1971-08-26 14:44:29.451;1970-01-01 00:59:07.274951328
714;1;1;57877;1;52095876493;1971-08-26 23:04:36.493;1970-01-01 00:59:09.319346813
715;1;3;57896;3;52103811691;1971-08-27 01:16:51.691;1970-01-01 00:59:09.859976009
716;1;3;57895;3;52101720774;1971-08-27 00:42:00.774;1970-01-01 00:59:09.717520739
717;1;1;57952;1;52141635357;1971-08-27 11:47:15.357;1970-01-01 00:59:12.436922181
718;6;4;58203;9;52280204752;1971-08-29 02:16:44.752;1970-01-01 00:59:21.877727627
719;1;2;58312;2;52307854477;1971-08-29 09:57:34.477;1970-01-01 00:59:23.761517871
720;1;4;58377;4;52362100654;1971-08-30 01:01:40.654;1970-01-01 00:59:27.457338318
721;1;3;58523;3;52538110475;1971-09-01 01:55:10.475;1970-01-01 00:59:39.448979594
722;1;3;58518;3;52530436164;1971-08-31 23:47:16.164;1970-01-01 00:59:38.926124767
723;2;14;42053;15;52529351836;1971-08-31 23:29:11.836;1970-01-01 00:59:38.852248933
724;1;3;58522;3;52538122283;1971-09-01 01:55:22.283;1970-01-01 00:59:39.449784080
725;1;3;58525;3;52542812424;1971-09-01 03:13:32.424;1970-01-01 00:59:39.769325842
726;1;1;58591;1;52625907580;1971-09-02 02:18:27.580;1970-01-01 00:59:45.430642335
727;1;1;58643;1;52671528129;1971-09-02 14:58:48.129;1970-01-01 00:59:48.538794229
728;3;4;58898;6;52807521580;1971-09-04 04:45:21.580;1970-01-01 00:59:57.804099262
729;3;4;58901;6;52813340566;1971-09-04 06:22:20.566;1970-01-01 00:59:58.200549825
730;3;4;58867;6;52794452955;1971-09-04 01:07:32.955;1970-01-01 00:59:56.913726997
731;1;14;58821;14;52779619459;1971-09-03 21:00:19.459;1970-01-01 00:59:55.903113147
732;3;3;58897;6;52799601039;1971-09-04 02:33:21.039;1970-01-01 00:59:57.264468656
733;1;5;58934;5;52826060406;1971-09-04 09:54:20.406;1970-01-01 00:59:59.067159186
734;1;3;58946;3;52839367023;1971-09-04 13:36:07.023;1970-01-01 00:59:59.973745970
735;1;3;58947;3;52839752372;1971-09-04 13:42:32.372;1970-01-01 01:00:00.000000000
736;1;3;58945;3;52839672668;1971-09-04 13:41:12.668;1970-01-01 00:59:59.994569724
737;1;3;42659;3;36748681355;1971-03-02 07:58:01.355;1970-01-01 00:41:43.706905108
738;6;5;42668;11;36787661259;1971-03-02 18:47:41.259;1970-01-01 00:41:46.362626380
739;1;2;42681;2;36801924367;1971-03-02 22:45:24.367;1970-01-01 00:41:47.334379398
740;1;14;42695;14;36813963483;1971-03-03 02:06:03.483;1970-01-01 00:41:48.154610675
741;4;1;42729;4;36875995964;1971-03-03 19:19:55.964;1970-01-01 00:41:52.380916091
742;4;3;42806;8;36886919432;1971-03-03 22:21:59.432;1970-01-01 00:41:53.125137686
743;4;3;42811;8;36889743089;1971-03-03 23:09:03.089;1970-01-01 00:41:53.317514916
744;4;3;42815;8;36890077109;1971-03-03 23:14:37.109;1970-01-01 00:41:53.340271874
745;4;3;42816;8;36890409790;1971-03-03 23:20:09.790;1970-01-01 00:41:53.362937604
746;2;3;42820;4;36890919210;1971-03-03 23:28:39.210;1970-01-01 00:41:53.397644656
747;2;3;42822;4;36891299553;1971-03-03 23:34:59.553;1970-01-01 00:41:53.423557623
748;1;1;42962;1;36976470486;1971-03-04 23:14:30.486;1970-01-01 00:41:59.226297891
749;2;2;42964;3;36976702413;1971-03-04 23:18:22.413;1970-01-01 00:41:59.242099199
750;1;3;43044;3;37136361277;1971-03-06 19:39:21.277;1970-01-01 00:42:10.119741212
751;2;2;43090;3;37250465601;1971-03-08 03:21:05.601;1970-01-01 00:42:17.893728560
752;2;3;43094;4;37252880973;1971-03-08 04:01:20.973;1970-01-01 00:42:18.058289119
753;2;3;43096;4;37253222286;1971-03-08 04:07:02.286;1970-01-01 00:42:18.081542953
754;6;5;43233;11;37534381577;1971-03-11 10:13:01.577;1970-01-01 00:42:37.237072685
755;1;2;43293;2;37594388116;1971-03-12 02:53:08.116;1970-01-01 00:42:41.325349611
756;1;2;43294;2;37594846895;1971-03-12 03:00:46.895;1970-01-01 00:42:41.356606465
757;8;3;43482;18;37906996758;1971-03-15 17:43:16.758;1970-01-01 00:43:02.623540096
758;2;3;43494;7;37944672012;1971-03-16 04:11:12.012;1970-01-01 00:43:05.190374881
759;3;2;43513;4;37985426293;1971-03-16 15:30:26.293;1970-01-01 00:43:07.966985387
760;1;6;43522;6;38020451139;1971-03-17 01:14:11.139;1970-01-01 00:43:10.353246487
761;1;2;43596;2;38076818370;1971-03-17 16:53:38.370;1970-01-01 00:43:14.193575453
762;24;4;43762;73;38188325175;1971-03-18 23:52:05.175;1970-01-01 00:43:21.790592471
763;1;2;44045;2;38480577668;1971-03-22 09:02:57.668;1970-01-01 00:43:41.701907865
764;4;3;44168;7;38698275308;1971-03-24 21:31:15.308;1970-01-01 00:43:56.533762081
765;4;3;44211;7;38714059529;1971-03-25 01:54:19.529;1970-01-01 00:43:57.609149323
766;2;3;44237;4;38722578590;1971-03-25 04:16:18.590;1970-01-01 00:43:58.189557411
767;5;3;44252;8;38776675483;1971-03-25 19:17:55.483;1970-01-01 00:44:01.875207060
768;1;1;41787;1;38803262738;1971-03-26 02:41:02.738;1970-01-01 00:44:03.686610666
769;6;6;37103;11;38884866887;1971-03-27 01:21:06.887;1970-01-01 00:44:09.246344072
770;6;6;37122;11;38890244434;1971-03-27 02:50:44.434;1970-01-01 00:44:09.612719165
771;3;3;44404;6;38894718064;1971-03-27 04:05:18.064;1970-01-01 00:44:09.917509920
772;6;3;44425;11;38948398768;1971-03-27 18:59:58.768;1970-01-01 00:44:13.574804394
773;6;5;44442;11;38952456002;1971-03-27 20:07:36.002;1970-01-01 00:44:13.851225871
774;2;2;44599;4;38990839628;1971-03-28 06:47:19.628;1970-01-01 00:44:16.466322411
775;1;2;44600;2;38996966308;1971-03-28 08:29:26.308;1970-01-01 00:44:16.883736328
776;2;2;44604;3;39000520886;1971-03-28 09:28:40.886;1970-01-01 00:44:17.125911589
777;2;2;44608;3;39004385049;1971-03-28 10:33:05.049;1970-01-01 00:44:17.389179037
778;2;2;44603;3;38999413597;1971-03-28 09:10:13.597;1970-01-01 00:44:17.050471409
779;6;5;44636;10;39056337991;1971-03-29 00:58:57.991;1970-01-01 00:44:20.928760182
780;2;2;44699;3;39171525415;1971-03-30 08:58:45.415;1970-01-01 00:44:28.776539700
781;7;7;44722;16;39211029811;1971-03-30 19:57:09.811;1970-01-01 00:44:31.467994887
782;8;6;44876;17;39235075862;1971-03-31 02:37:55.862;1970-01-01 00:44:33.106264934
783;2;2;44902;3;39245237864;1971-03-31 05:27:17.864;1970-01-01 00:44:33.798607452
784;2;2;44957;3;39263637117;1971-03-31 10:33:57.117;1970-01-01 00:44:35.052158194
785;2;2;44961;3;39281425840;1971-03-31 15:30:25.840;1970-01-01 00:44:36.264113208
786;2;2;44960;3;39274008156;1971-03-31 13:26:48.156;1970-01-01 00:44:35.758742512
787;2;3;45127;5;39435909225;1971-04-02 10:25:09.225;1970-01-01 00:44:46.789147127
788;2;2;45128;3;39429098018;1971-04-02 08:31:38.018;1970-01-01 00:44:46.325096027
789;1;1;45236;1;39532091598;1971-04-03 13:08:11.598;1970-01-01 00:44:53.342102568
790;1;2;45423;2;39861083339;1971-04-07 08:31:23.339;1970-01-01 00:45:15.756482167
791;1;4;45476;4;39914661124;1971-04-07 23:24:21.124;1970-01-01 00:45:19.406764717
792;1;1;45588;1;40009189178;1971-04-09 01:39:49.178;1970-01-01 00:45:25.847010538
793;1;4;45608;4;40014700764;1971-04-09 03:11:40.764;1970-01-01 00:45:26.222517778
794;1;3;45670;3;40087124225;1971-04-09 23:18:44.225;1970-01-01 00:45:31.156766103
795;1;1;46050;1;40534881635;1971-04-15 03:41:21.635;1970-01-01 00:46:01.662712926
796;1;2;46135;2;40600107587;1971-04-15 21:48:27.587;1970-01-01 00:46:06.106591193
797;3;2;46263;5;40717631486;1971-04-17 06:27:11.486;1970-01-01 00:46:14.113555976
798;3;3;46265;5;40728831518;1971-04-17 09:33:51.518;1970-01-01 00:46:14.876620021
799;3;3;46266;5;40800240970;1971-04-18 05:24:00.970;1970-01-01 00:46:19.741783381
800;3;2;46346;4;41020434273;1971-04-20 18:33:54.273;1970-01-01 00:46:34.743668425
801;3;2;46394;4;41073281324;1971-04-21 09:14:41.324;1970-01-01 00:46:38.344165684
802;3;2;46399;4;41076010844;1971-04-21 10:00:10.844;1970-01-01 00:46:38.530129311
803;1;1;46468;1;41139728376;1971-04-22 03:42:08.376;1970-01-01 00:46:42.871238133