ts_submit_dt,max_concurrent_tasks,aggregation_queries_count,total_queries_count,ts_submit,standard_queries_count,first_name_queries_count,last_name_queries_count,country_queries_count,other_queries_count
1970-01-01 00:00:00.000,1,1,10,1970-01-01 00:00:00.000000,9,3,2,2,2
1970-01-01 23:24:14.992,2,7,40,1970-01-01 00:01:24.254992,33,9,8,8,8
1970-01-02 07:21:17.936,1,1,10,1970-01-01 00:01:52.877936,9,1,2,2,4
1970-01-03 21:53:45.761,2,5,40,1970-01-01 00:04:11.625761,35,17,7,8,3
1970-01-03 22:19:11.122,2,2,40,1970-01-01 00:04:13.151122,38,13,9,9,7
1970-01-03 22:39:58.498,2,2,40,1970-01-01 00:04:14.398498,38,16,8,9,5
1970-01-04 00:27:48.500,1,2,40,1970-01-01 00:04:20.868500,38,17,7,7,7
1970-01-10 00:46:19.708,1,3,20,1970-01-01 00:13:00.379708,17,6,4,4,3
1970-01-12 09:38:22.866,2,5,40,1970-01-01 00:16:25.102866,35,14,8,7,6
1970-01-13 20:09:35.840,1,1,10,1970-01-01 00:18:29.375840,9,1,2,2,4
1970-01-13 20:39:29.056,1,1,10,1970-01-01 00:18:31.169056,9,2,2,2,3
1970-01-13 20:49:43.931,1,1,10,1970-01-01 00:18:31.783931,9,4,2,2,1
1970-01-15 01:06:34.359,2,8,50,1970-01-01 00:20:13.594359,42,19,10,10,3
1970-01-17 15:19:34.280,1,1,10,1970-01-01 00:23:57.574280,9,2,2,2,3
1970-01-21 16:10:01.772,1,1,20,1970-01-01 00:29:46.201772,19,6,4,4,5
1970-01-21 16:30:38.192,1,1,20,1970-01-01 00:29:47.438192,19,7,4,4,4
1970-01-21 16:44:35.717,1,1,10,1970-01-01 00:29:48.275717,9,1,2,2,4
1970-01-23 19:15:15.079,1,2,20,1970-01-01 00:32:50.115079,18,6,4,4,4
1970-01-23 19:23:51.192,1,2,20,1970-01-01 00:32:50.631192,18,4,4,4,6
1970-01-23 20:34:48.641,1,2,30,1970-01-01 00:32:54.888641,28,10,6,7,5
1970-01-23 20:41:04.562,1,2,20,1970-01-01 00:32:55.264562,18,6,4,4,4
1970-01-29 03:52:45.188,2,1,20,1970-01-01 00:40:33.165188,19,3,4,4,8
1970-01-30 15:20:14.460,5,6,70,1970-01-01 00:42:40.814460,64,28,10,16,10
1970-02-01 07:29:40.047,1,1,10,1970-01-01 00:45:05.380047,9,4,2,2,1
1970-02-01 07:36:50.885,1,1,10,1970-01-01 00:45:05.810885,9,4,2,2,1
1970-02-01 07:58:45.104,1,1,10,1970-01-01 00:45:07.125104,9,1,2,2,4
1970-02-01 18:39:08.409,1,1,10,1970-01-01 00:45:45.548409,9,3,2,2,2
1970-02-02 06:16:31.231,1,1,10,1970-01-01 00:46:27.391231,9,1,2,2,4
1970-02-19 23:15:23.475,1,1,10,1970-01-01 01:11:57.323475,9,3,2,2,2
1970-02-19 23:21:38.815,1,3,60,1970-01-01 01:11:57.698815,57,17,14,14,12
1970-02-19 23:58:11.913,1,1,10,1970-01-01 01:11:59.891913,9,1,2,2,4
1970-02-20 11:52:19.062,1,3,40,1970-01-01 01:12:42.739062,37,15,8,8,6
1970-02-20 12:33:46.773,1,2,40,1970-01-01 01:12:45.226773,38,10,9,9,10
1970-02-20 13:41:46.514,2,7,40,1970-01-01 01:12:49.306514,33,14,8,6,5
1970-02-20 15:18:45.613,1,5,30,1970-01-01 01:12:55.125613,25,6,6,6,7
1970-02-21 20:01:08.383,2,10,60,1970-01-01 01:14:38.468383,50,19,9,12,10
1970-02-22 08:27:35.055,1,1,20,1970-01-01 01:15:23.255055,19,4,4,4,7
1970-03-04 05:51:11.466,3,6,100,1970-01-01 01:29:37.871466,94,38,16,23,17
1970-03-06 00:52:12.614,1,3,20,1970-01-01 01:32:12.732614,17,6,4,4,3
1970-03-06 20:43:16.413,1,2,20,1970-01-01 01:33:24.196413,18,9,4,2,3
1970-03-06 20:55:35.747,1,8,120,1970-01-01 01:33:24.935747,112,29,28,28,27
1970-03-07 00:56:20.087,1,2,20,1970-01-01 01:33:39.380087,18,9,4,3,2
1970-03-07 01:37:10.828,1,1,20,1970-01-01 01:33:41.830828,19,3,4,4,8
1970-03-10 14:20:17.211,1,1,10,1970-01-01 01:38:46.817211,9,4,2,2,1
1970-03-11 22:03:24.210,3,7,90,1970-01-01 01:40:41.004210,83,33,17,18,15
1970-03-11 22:46:28.068,3,16,110,1970-01-01 01:40:43.588068,94,47,11,23,13
1970-03-12 03:09:30.711,1,1,10,1970-01-01 01:40:59.370711,9,2,2,2,3
1970-03-12 04:01:46.211,1,5,40,1970-01-01 01:41:02.506211,35,10,8,8,9
1970-03-15 08:22:33.358,8,22,170,1970-01-01 01:45:37.353358,148,57,26,37,28
1970-03-15 19:45:57.636,8,16,210,1970-01-01 01:46:18.357636,194,81,28,48,37
1970-03-17 01:28:21.026,1,7,40,1970-01-01 01:48:05.301026,33,9,8,8,8
1970-03-17 21:01:51.848,8,31,190,1970-01-01 01:49:15.711848,159,44,39,39,37
1970-03-17 21:46:49.226,3,21,110,1970-01-01 01:49:18.409226,89,32,21,19,17
1970-03-17 22:02:33.426,8,31,170,1970-01-01 01:49:19.353426,139,66,32,29,12
1970-03-18 00:23:32.486,8,29,210,1970-01-01 01:49:27.812486,181,80,37,42,22
1970-03-18 07:41:06.996,3,13,70,1970-01-01 01:49:54.066996,57,23,9,14,11
1970-03-18 09:20:15.699,5,13,210,1970-01-01 01:50:00.015699,197,67,48,47,35
1970-03-28 00:46:06.524,2,3,40,1970-01-01 02:03:53.166524,37,7,9,9,12
1970-04-02 08:29:57.578,3,6,120,1970-01-01 02:11:32.997578,114,46,24,22,22
1970-04-06 01:58:54.927,1,1,10,1970-01-01 02:16:55.134927,9,4,2,2,1
1970-04-06 02:01:16.831,1,1,10,1970-01-01 02:16:55.276831,9,1,2,2,4
1970-04-06 02:05:50.998,1,1,10,1970-01-01 02:16:55.550998,9,4,2,2,1
1970-04-09 04:05:45.903,2,6,40,1970-01-01 02:21:21.945903,34,13,8,7,6
1970-04-09 08:25:28.566,2,3,30,1970-01-01 02:21:37.528566,27,7,6,6,8
1970-04-12 01:53:50.279,7,8,90,1970-01-01 02:25:33.230279,82,32,16,20,14
1970-04-12 02:01:40.286,8,13,100,1970-01-01 02:25:33.700286,87,17,21,21,28
1970-04-17 19:17:58.439,1,1,20,1970-01-01 02:33:47.878439,19,5,4,4,6
1970-04-18 07:58:52.397,1,3,20,1970-01-01 02:34:33.532397,17,7,4,3,3
1970-04-27 02:50:39.843,1,1,10,1970-01-01 02:47:12.639843,9,2,2,2,3
1970-04-27 02:51:54.801,1,1,10,1970-01-01 02:47:12.714801,9,1,2,2,4
1970-04-27 03:00:46.580,1,1,10,1970-01-01 02:47:13.246580,9,4,2,2,1
1970-04-27 03:01:28.208,1,1,10,1970-01-01 02:47:13.288208,9,3,2,2,2
1970-05-02 18:19:41.993,2,1,30,1970-01-01 02:55:20.381993,29,13,7,7,2
1970-05-06 19:32:13.713,2,5,30,1970-01-01 03:01:10.333713,25,6,6,6,7
1970-05-11 09:00:56.888,2,7,50,1970-01-01 03:07:44.456888,43,8,10,10,15
1970-05-13 16:48:28.777,1,1,10,1970-01-01 03:11:05.308777,9,4,2,2,1
1970-05-15 23:51:58.715,1,1,10,1970-01-01 03:14:23.518715,9,3,2,2,2
1970-05-16 01:03:16.977,2,3,50,1970-01-01 03:14:27.796977,47,15,11,11,10
1970-05-17 03:03:41.433,8,11,110,1970-01-01 03:16:01.421433,99,48,12,22,17
1970-05-19 03:16:09.705,1,2,30,1970-01-01 03:18:54.969705,28,12,5,6,5
1970-05-20 07:08:19.605,2,7,40,1970-01-01 03:20:35.299605,33,8,8,8,9
1970-05-20 19:16:55.098,4,7,50,1970-01-01 03:21:19.015098,43,8,10,10,15
1970-05-23 19:14:25.053,1,1,10,1970-01-01 03:25:38.065053,9,3,2,2,2
1970-05-24 01:28:11.773,1,1,10,1970-01-01 03:26:00.491773,9,1,2,2,4
1970-05-24 01:32:12.278,1,1,10,1970-01-01 03:26:00.732278,9,3,2,2,2
1970-05-25 08:14:33.896,8,17,180,1970-01-01 03:27:51.273896,163,45,40,40,38
1970-05-25 21:54:25.103,8,30,190,1970-01-01 03:28:40.465103,160,34,40,40,46
1970-05-27 11:54:45.390,3,10,70,1970-01-01 03:30:57.285390,60,12,15,15,18
1970-05-27 15:12:15.038,2,3,20,1970-01-01 03:31:09.135038,17,7,4,3,3
1970-05-27 15:23:31.131,2,2,20,1970-01-01 03:31:09.811131,18,9,3,3,3
1970-05-27 15:28:47.302,2,1,20,1970-01-01 03:31:10.127302,19,5,4,4,6
1970-05-27 15:56:35.154,2,4,30,1970-01-01 03:31:11.795154,26,13,3,6,4
1970-05-28 08:38:13.393,2,6,40,1970-01-01 03:32:11.893393,34,17,7,6,4
1970-05-29 04:10:43.726,2,5,40,1970-01-01 03:33:22.243726,35,13,7,8,7
1970-05-29 05:53:27.152,1,3,20,1970-01-01 03:33:28.407152,17,6,4,4,3
1970-05-30 10:50:10.441,5,12,100,1970-01-01 03:35:12.610441,88,20,22,22,24
1970-06-03 20:11:01.356,2,7,60,1970-01-01 03:41:31.861356,53,14,13,13,13
1970-06-03 20:13:03.225,2,6,60,1970-01-01 03:41:31.983225,54,16,13,13,12
1970-06-03 20:13:57.985,2,3,60,1970-01-01 03:41:32.037985,57,23,11,12,11
1970-06-03 20:16:34.084,4,5,80,1970-01-01 03:41:32.194084,75,18,18,18,21
1970-06-03 20:22:39.554,2,3,60,1970-01-01 03:41:32.559554,57,23,11,14,9
1970-06-03 20:33:49.292,2,7,50,1970-01-01 03:41:33.229292,43,13,10,10,10
1970-06-06 23:31:48.442,1,3,40,1970-01-01 03:46:03.108442,37,18,4,9,6
1970-06-11 23:23:27.724,2,5,40,1970-01-01 03:53:14.607724,35,15,5,8,7
1970-06-12 23:02:20.971,2,7,40,1970-01-01 03:54:39.740971,33,11,8,8,6
1970-06-13 03:46:11.350,2,3,40,1970-01-01 03:54:56.771350,37,18,6,9,4
1970-06-17 03:28:10.981,3,6,60,1970-01-01 04:00:41.290981,54,21,13,11,9
1970-06-17 10:47:29.769,1,29,180,1970-01-01 04:01:07.649769,151,40,37,37,37
1970-06-19 08:30:19.741,1,4,50,1970-01-01 04:03:52.219741,46,18,10,9,9
1970-06-19 09:17:45.910,1,3,50,1970-01-01 04:03:55.065910,47,15,11,11,10
1970-06-19 23:12:19.870,1,1,10,1970-01-01 04:04:45.139870,9,2,2,2,3
1970-06-20 00:20:34.578,1,1,10,1970-01-01 04:04:49.234578,9,1,2,2,4
1970-06-20 16:13:59.506,1,34,180,1970-01-01 04:05:46.439506,146,29,36,36,45
1970-06-21 06:12:09.394,2,30,180,1970-01-01 04:06:36.729394,150,56,35,32,27
1970-06-21 16:48:18.087,1,4,30,1970-01-01 04:07:14.898087,26,13,4,6,3
1970-06-22 03:00:59.722,1,9,50,1970-01-01 04:07:51.659722,41,13,10,10,8
1970-06-22 05:39:50.353,2,10,60,1970-01-01 04:08:01.190353,50,17,11,12,10
1970-06-22 05:40:47.090,2,4,60,1970-01-01 04:08:01.247090,56,19,13,13,11
1970-06-22 05:46:52.569,2,33,180,1970-01-01 04:08:01.612569,147,61,23,35,28
1970-06-22 05:47:40.644,2,23,180,1970-01-01 04:08:01.660644,157,74,36,30,17
1970-06-22 05:54:36.835,1,5,30,1970-01-01 04:08:02.076835,25,7,6,6,6
1970-06-22 06:29:29.881,4,151,820,1970-01-01 04:08:04.169881,669,250,150,167,102
1970-06-22 07:42:23.877,4,80,820,1970-01-01 04:08:08.543877,740,363,156,134,87
1970-06-22 19:12:59.488,4,54,820,1970-01-01 04:08:49.979488,766,338,135,151,142
1970-06-27 02:49:38.173,1,12,150,1970-01-01 04:15:02.978173,138,65,13,33,27
1970-06-27 05:39:02.130,4,93,820,1970-01-01 04:15:13.142130,727,257,180,161,129
1970-06-30 16:41:28.903,1,25,150,1970-01-01 04:20:12.088903,125,26,31,31,37
1970-07-01 07:02:14.567,1,26,150,1970-01-01 04:21:03.734567,124,25,31,31,37
1970-07-01 07:57:02.305,1,7,150,1970-01-01 04:21:07.022305,143,55,30,34,24
1970-07-01 23:34:38.942,20,26,210,1970-01-01 04:22:03.278942,184,67,35,46,36
1970-07-02 02:09:27.364,1,16,150,1970-01-01 04:22:12.567364,134,26,33,33,42
1970-07-02 04:41:40.523,1,12,150,1970-01-01 04:22:21.700523,138,45,33,34,26
1970-07-02 06:05:14.998,3,2,30,1970-01-01 04:22:26.714998,28,9,7,7,5
1970-07-02 08:33:26.564,1,5,50,1970-01-01 04:22:35.606564,45,20,6,11,8
1970-07-02 10:13:39.093,1,1,10,1970-01-01 04:22:41.619093,9,2,2,2,3
1970-07-06 06:48:38.947,1,2,30,1970-01-01 04:28:14.918947,28,11,7,7,3
1970-07-06 06:52:37.183,1,2,20,1970-01-01 04:28:15.157183,18,5,4,4,5
1970-07-08 22:32:48.901,1,3,20,1970-01-01 04:32:04.368901,17,3,4,4,6
1970-07-09 02:54:15.564,1,3,30,1970-01-01 04:32:20.055564,27,10,6,6,5
1970-07-09 10:16:13.893,1,5,30,1970-01-01 04:32:46.573893,25,12,6,5,2
1970-07-10 14:36:06.449,3,13,70,1970-01-01 04:34:28.566449,57,12,14,14,17
1970-07-11 18:48:48.264,1,1,20,1970-01-01 04:36:10.128264,19,8,4,4,3
1970-07-24 00:05:23.802,2,3,30,1970-01-01 04:53:45.923802,27,10,6,6,5
1970-07-24 00:22:26.784,2,2,30,1970-01-01 04:53:46.946784,28,5,7,7,9
1970-07-24 00:22:50.754,2,2,30,1970-01-01 04:53:46.970754,28,13,6,6,3
1970-07-29 19:32:08.800,1,1,20,1970-01-01 05:02:07.928800,19,8,4,4,3
1970-07-30 07:05:41.077,4,121,860,1970-01-01 05:02:49.541077,739,354,146,94,145
1970-08-01 00:00:14.365,1,1,10,1970-01-01 05:05:16.814365,9,4,2,2,1
1970-08-03 07:45:57.311,5,5,100,1970-01-01 05:08:37.557311,95,46,10,22,17
1970-08-04 19:21:36.753,5,9,100,1970-01-01 05:10:45.696753,91,43,10,22,16
1970-08-05 23:19:17.512,2,3,20,1970-01-01 05:12:26.357512,17,5,4,4,4
1970-08-06 02:27:44.713,1,1,10,1970-01-01 05:12:37.664713,9,4,2,2,1
1970-08-08 08:53:03.799,1,10,140,1970-01-01 05:15:53.583799,130,57,21,29,23
1970-08-10 04:49:34.123,1,2,20,1970-01-01 05:18:31.774123,18,3,4,4,7
1970-08-10 04:58:15.224,9,19,100,1970-01-01 05:18:32.295224,81,16,20,20,25
1970-08-10 05:40:59.631,9,8,100,1970-01-01 05:18:34.859631,92,25,23,23,21
1970-08-10 05:57:48.407,9,15,100,1970-01-01 05:18:35.868407,85,23,21,21,20
1970-08-10 06:11:42.196,9,16,100,1970-01-01 05:18:36.702196,84,33,21,14,16
1970-08-14 03:14:44.354,1,2,30,1970-01-01 05:24:11.684354,28,13,3,7,5
1970-08-17 22:59:42.452,6,17,110,1970-01-01 05:29:41.982452,93,35,23,23,12
1970-08-17 23:26:55.463,6,11,110,1970-01-01 05:29:43.615463,99,48,17,17,17
1970-08-18 03:32:47.910,1,5,40,1970-01-01 05:29:58.367910,35,13,8,8,6
1970-08-18 12:24:38.149,1,4,30,1970-01-01 05:30:30.278149,26,13,5,6,2
1970-08-19 01:38:59.448,1,5,40,1970-01-01 05:31:17.939448,35,7,8,8,12
1970-08-19 04:52:43.669,1,2,40,1970-01-01 05:31:29.563669,38,8,9,9,12
1970-08-19 08:41:36.110,1,15,90,1970-01-01 05:31:43.296110,75,15,18,18,24
1970-08-22 13:22:30.752,1,3,40,1970-01-01 05:36:19.350752,37,18,7,9,3
1970-08-25 09:42:54.362,1,3,40,1970-01-01 05:40:25.374362,37,17,4,9,7
1970-08-27 22:12:10.491,1,1,20,1970-01-01 05:44:03.130491,19,3,4,4,8
1970-08-29 02:04:02.383,1,19,140,1970-01-01 05:45:43.442383,121,58,27,27,9
1970-08-29 21:33:18.230,1,21,140,1970-01-01 05:46:53.598230,119,38,29,29,23
1970-08-29 23:44:34.121,1,7,140,1970-01-01 05:47:01.474121,133,28,33,33,39
1970-08-31 23:05:13.543,3,6,50,1970-01-01 05:49:51.913543,44,11,11,11,11
1970-09-04 00:23:16.597,4,10,130,1970-01-01 05:54:15.796597,120,47,24,25,24
1970-09-04 00:24:31.492,4,19,130,1970-01-01 05:54:15.871492,111,45,20,26,20
1970-09-04 01:22:14.209,4,9,130,1970-01-01 05:54:19.334209,121,31,30,30,30
1970-09-06 19:08:34.763,3,10,70,1970-01-01 05:58:16.114763,60,15,15,15,15
1970-09-08 22:50:11.554,4,14,130,1970-01-01 06:01:22.211554,116,42,27,26,21
1970-09-11 17:42:30.206,1,5,30,1970-01-01 06:05:22.950206,25,12,2,6,5
1970-09-11 17:42:30.689,8,6,90,1970-01-01 06:05:22.950689,84,18,21,21,24
1970-09-11 21:10:26.938,1,3,30,1970-01-01 06:05:35.426938,27,13,3,6,5
1970-09-11 23:26:16.615,1,2,30,1970-01-01 06:05:43.576615,28,6,7,7,8
1970-09-17 07:37:29.726,1,3,20,1970-01-01 06:13:25.049726,17,8,3,4,2
1970-09-17 16:01:39.930,1,5,30,1970-01-01 06:13:55.299930,25,10,6,4,5
1970-09-19 20:20:55.942,1,2,30,1970-01-01 06:17:03.655942,28,13,6,4,5
1970-09-24 12:56:09.849,1,4,30,1970-01-01 06:23:48.969849,26,8,6,6,6
1970-09-25 13:34:54.369,6,32,190,1970-01-01 06:25:17.694369,158,63,38,30,27
1970-09-25 15:09:37.468,6,17,130,1970-01-01 06:25:23.377468,113,41,28,24,20
1970-09-25 23:14:28.740,6,16,130,1970-01-01 06:25:52.468740,114,38,26,28,22
1970-09-27 07:27:57.129,1,1,20,1970-01-01 06:27:48.477129,19,6,4,4,5
1970-09-28 00:34:09.983,1,1,30,1970-01-01 06:28:50.049983,29,7,7,7,8
1970-10-02 16:53:51.718,16,64,350,1970-01-01 06:35:34.431718,286,142,70,38,36
1970-10-03 05:55:25.936,1,5,30,1970-01-01 06:36:21.325936,25,10,5,6,4
1970-10-04 03:16:04.251,1,1,10,1970-01-01 06:37:38.164251,9,2,2,2,3
1970-10-05 01:33:28.099,1,3,30,1970-01-01 06:38:58.408099,27,7,6,6,8
1970-10-06 23:39:34.538,1,3,30,1970-01-01 06:41:44.374538,27,10,6,6,5
1970-10-07 02:03:28.796,1,3,20,1970-01-01 06:41:53.008796,17,5,4,4,4
1970-10-07 17:52:18.392,1,12,70,1970-01-01 06:42:49.938392,58,12,14,14,18
1970-10-07 20:10:14.569,1,1,10,1970-01-01 06:42:58.214569,9,1,2,2,4
1970-10-07 20:23:33.099,1,1,10,1970-01-01 06:42:59.013099,9,2,2,2,3
1970-10-08 01:23:58.879,1,2,20,1970-01-01 06:43:17.038879,18,3,4,4,7
1970-10-08 01:46:58.776,1,1,20,1970-01-01 06:43:18.418776,19,6,4,4,5
1970-10-08 01:51:06.247,1,2,30,1970-01-01 06:43:18.666247,28,5,7,7,9
1970-10-08 23:25:25.489,1,3,20,1970-01-01 06:44:36.325489,17,7,4,3,3
1970-10-09 19:44:43.774,1,2,20,1970-01-01 06:45:49.483774,18,5,4,4,5
1970-10-09 19:57:52.756,1,1,20,1970-01-01 06:45:50.272756,19,6,4,4,5
1970-10-10 13:16:34.336,1,9,140,1970-01-01 06:46:52.594336,131,60,29,32,10
1970-10-10 17:25:53.239,1,20,140,1970-01-01 06:47:07.553239,120,51,28,29,12
1970-10-13 19:39:23.742,2,7,150,1970-01-01 06:51:34.763742,143,33,35,35,40
1970-10-13 22:59:03.896,1,1,10,1970-01-01 06:51:46.743896,9,3,2,2,2
1970-10-14 19:57:01.753,4,9,70,1970-01-01 06:53:02.221753,61,20,14,15,12
1970-10-14 20:41:07.350,2,6,40,1970-01-01 06:53:04.867350,34,13,7,8,6
1970-10-14 23:33:43.336,1,4,30,1970-01-01 06:53:15.223336,26,5,6,6,9
1970-10-14 23:58:58.119,1,1,20,1970-01-01 06:53:16.738119,19,8,4,4,3
1970-10-15 00:14:31.952,1,1,10,1970-01-01 06:53:17.671952,9,1,2,2,4
1970-10-15 01:17:41.045,1,1,10,1970-01-01 06:53:21.461045,9,3,2,2,2
1970-10-15 09:41:21.245,1,1,20,1970-01-01 06:53:51.681245,19,5,4,4,6
1970-10-15 09:50:24.787,1,1,10,1970-01-01 06:53:52.224787,9,4,2,2,1
1970-10-15 10:08:11.681,1,1,10,1970-01-01 06:53:53.291681,9,1,2,2,4
1970-10-15 10:35:03.009,1,1,10,1970-01-01 06:53:54.903009,9,4,2,2,1
1970-10-16 00:59:19.342,1,4,30,1970-01-01 06:54:46.759342,26,9,6,6,5
1970-10-20 10:02:30.950,1,2,20,1970-01-01 07:01:04.950950,18,9,2,4,3
1970-10-20 20:32:36.631,20,13,210,1970-01-01 07:01:42.756631,197,41,49,49,58
1970-10-20 22:17:45.271,8,9,90,1970-01-01 07:01:49.065271,81,33,20,17,11
1970-10-20 22:24:01.242,4,4,50,1970-01-01 07:01:49.441242,46,18,10,10,8
1970-10-21 05:30:36.734,1,4,50,1970-01-01 07:02:15.036734,46,16,11,11,8
1970-10-21 05:49:52.564,1,9,50,1970-01-01 07:02:16.192564,41,13,10,10,8
1970-10-21 10:52:48.624,1,6,60,1970-01-01 07:02:34.368624,54,11,13,13,17
1970-10-21 23:01:59.538,1,11,60,1970-01-01 07:03:18.119538,49,23,7,11,8
1970-10-26 23:19:15.052,6,14,100,1970-01-01 07:10:31.155052,86,18,21,21,26
1970-10-29 00:16:42.874,1,3,20,1970-01-01 07:13:27.402874,17,4,4,4,5
1970-10-29 01:16:59.910,1,3,30,1970-01-01 07:13:31.019910,27,5,6,6,10
1970-10-31 00:26:01.892,2,4,30,1970-01-01 07:16:20.761892,26,12,3,6,5
1970-10-31 01:03:38.109,2,4,40,1970-01-01 07:16:23.018109,36,15,7,8,6
1970-11-04 23:21:39.263,1,3,50,1970-01-01 07:23:28.899263,47,15,11,11,10
1970-11-04 23:46:51.864,6,11,70,1970-01-01 07:23:30.411864,59,20,14,14,11
1970-11-05 01:59:43.015,1,1,20,1970-01-01 07:23:38.383015,19,9,4,3,3
1970-11-05 02:07:26.333,1,1,20,1970-01-01 07:23:38.846333,19,4,4,4,7
1970-11-05 02:12:21.402,1,2,20,1970-01-01 07:23:39.141402,18,3,4,4,7
1970-11-05 06:07:40.800,1,1,20,1970-01-01 07:23:53.260800,19,7,4,4,4
1970-11-06 21:40:08.433,2,7,40,1970-01-01 07:26:15.608433,33,15,4,8,6
1970-11-13 21:38:34.051,4,15,80,1970-01-01 07:36:20.314051,65,16,16,16,17
1970-11-14 21:54:54.410,10,46,250,1970-01-01 07:37:47.694410,204,84,48,32,40
1970-11-14 21:56:33.623,10,26,250,1970-01-01 07:37:47.793623,224,51,56,56,61
1970-11-20 07:29:54.234,2,1,30,1970-01-01 07:45:34.194234,29,7,7,7,8
1970-11-21 19:48:27.780,2,3,20,1970-01-01 07:47:44.907780,17,6,4,4,3
1970-11-21 20:09:38.506,6,9,80,1970-01-01 07:47:46.178506,71,15,17,17,22
1970-11-22 18:21:10.715,2,5,30,1970-01-01 07:49:06.070715,25,6,6,6,7
1970-11-28 19:04:14.576,6,19,100,1970-01-01 07:57:47.054576,81,38,12,17,14
1970-11-29 02:31:22.297,1,1,10,1970-01-01 07:58:13.882297,9,1,2,2,4
1970-11-29 21:32:11.071,6,10,110,1970-01-01 07:59:22.331071,100,45,24,24,7
1970-11-29 22:55:15.301,6,11,110,1970-01-01 07:59:27.315301,99,47,14,20,18
1970-11-29 23:03:31.319,6,19,110,1970-01-01 07:59:27.811319,91,43,13,17,18
1970-11-30 01:53:02.312,1,3,40,1970-01-01 07:59:37.982312,37,10,9,9,9
1970-12-01 12:31:23.168,4,3,50,1970-01-01 08:01:42.683168,47,18,10,10,9
1970-12-01 13:26:31.157,4,8,60,1970-01-01 08:01:45.991157,52,20,12,10,10
1970-12-01 13:53:21.229,1,5,30,1970-01-01 08:01:47.601229,25,5,6,6,8
1970-12-02 05:28:07.829,1,3,20,1970-01-01 08:02:43.687829,17,7,4,4,2
1970-12-03 02:43:37.850,2,20,150,1970-01-01 08:04:00.217850,130,30,32,32,36
1970-12-03 10:12:56.247,2,1,30,1970-01-01 08:04:27.176247,29,11,7,7,4
1970-12-04 04:40:10.605,1,2,20,1970-01-01 08:05:33.610605,18,7,4,4,3
1970-12-04 19:26:37.807,2,7,40,1970-01-01 08:06:26.797807,33,9,8,8,8
1970-12-04 21:07:27.829,1,1,20,1970-01-01 08:06:32.847829,19,8,4,4,3
1970-12-04 21:12:21.849,1,2,20,1970-01-01 08:06:33.141849,18,9,4,4,1
1970-12-04 21:16:33.928,1,1,10,1970-01-01 08:06:33.393928,9,4,2,2,1
1970-12-04 21:19:03.054,1,3,20,1970-01-01 08:06:33.543054,17,6,4,4,3
1970-12-04 21:19:37.537,1,1,10,1970-01-01 08:06:33.577537,9,4,2,2,1
1970-12-05 09:47:03.984,3,13,90,1970-01-01 08:07:18.423984,77,27,17,19,14
1970-12-06 00:03:20.613,1,2,20,1970-01-01 08:08:09.800613,18,4,4,4,6
1970-12-10 02:07:22.312,1,8,90,1970-01-01 08:14:02.842312,82,34,12,20,16
1970-12-10 02:56:59.333,1,15,90,1970-01-01 08:14:05.819333,75,33,18,15,9
1970-12-10 03:06:15.459,1,15,90,1970-01-01 08:14:06.375459,75,19,18,18,20
1970-12-10 03:56:13.493,3,19,110,1970-01-01 08:14:09.373493,91,43,12,18,18
1970-12-11 06:55:18.981,5,18,100,1970-01-01 08:15:46.518981,82,27,19,20,16
1970-12-11 08:09:41.379,3,7,60,1970-01-01 08:15:50.981379,53,10,13,13,17
1970-12-12 16:39:18.154,1,2,20,1970-01-01 08:17:47.958154,18,4,4,4,6
1970-12-16 01:52:49.170,1,15,90,1970-01-01 08:22:40.369170,75,15,18,18,24
1970-12-17 02:00:37.372,1,4,30,1970-01-01 08:24:07.237372,26,6,6,6,8
1970-12-18 02:40:03.727,3,7,50,1970-01-01 08:25:36.003727,43,21,9,5,8
1970-12-20 04:25:46.976,1,6,40,1970-01-01 08:28:35.146976,34,13,7,8,6
1970-12-20 08:12:21.590,1,7,40,1970-01-01 08:28:48.741590,33,10,8,8,7
1970-12-20 12:13:37.463,1,7,70,1970-01-01 08:29:03.217463,63,12,15,15,21
1970-12-20 12:15:08.889,1,4,40,1970-01-01 08:29:03.308889,36,13,9,7,7
1970-12-20 12:16:09.041,1,2,40,1970-01-01 08:29:03.369041,38,12,9,9,8
1970-12-20 19:49:37.961,1,4,30,1970-01-01 08:29:30.577961,26,11,6,5,4
1970-12-20 22:12:44.392,1,3,70,1970-01-01 08:29:39.164392,67,28,12,14,13
1970-12-20 23:46:05.137,1,8,70,1970-01-01 08:29:44.765137,62,25,13,12,12
1970-12-21 03:04:59.874,1,3,30,1970-01-01 08:29:56.699874,27,5,6,6,10
1970-12-24 02:33:44.812,1,2,30,1970-01-01 08:34:14.024812,28,8,7,7,6
1970-12-24 17:39:07.775,1,4,30,1970-01-01 08:35:08.347775,26,9,6,6,5
1970-12-24 19:33:32.091,1,1,30,1970-01-01 08:35:15.212091,29,14,4,7,4
1970-12-24 20:06:01.298,3,8,150,1970-01-01 08:35:17.161298,142,48,34,32,28
1970-12-25 02:04:18.383,1,5,30,1970-01-01 08:35:38.658383,25,10,5,5,5
1970-12-26 02:56:55.009,1,2,20,1970-01-01 08:37:08.215009,18,9,3,4,2
1970-12-27 03:59:26.819,3,3,50,1970-01-01 08:38:38.366819,47,14,11,11,11
1970-12-28 14:09:58.230,1,1,10,1970-01-01 08:40:41.398230,9,1,2,2,4
1970-12-29 01:36:20.702,7,31,190,1970-01-01 08:41:22.580702,159,66,24,39,30
1970-12-30 19:30:12.131,2,6,80,1970-01-01 08:43:53.412131,74,23,18,18,15
1970-12-30 20:42:11.901,3,21,150,1970-01-01 08:43:57.731901,129,43,30,32,24
1970-12-30 20:42:19.674,3,9,150,1970-01-01 08:43:57.739674,141,28,35,35,43
1970-12-30 20:42:45.390,3,8,150,1970-01-01 08:43:57.765390,142,32,35,35,40
1970-12-30 20:43:06.901,3,19,150,1970-01-01 08:43:57.786901,131,29,32,32,38
1970-12-30 20:43:20.267,3,19,150,1970-01-01 08:43:57.800267,131,41,32,32,26
1970-12-30 22:57:48.115,4,43,300,1970-01-01 08:44:05.868115,257,74,64,64,55
1970-12-31 19:53:28.437,3,11,70,1970-01-01 08:45:21.208437,59,26,14,9,10
1970-12-31 19:57:10.931,3,13,70,1970-01-01 08:45:21.430931,57,27,8,14,8
1970-12-31 20:13:27.945,3,6,50,1970-01-01 08:45:22.407945,44,19,7,10,8
1970-12-31 21:00:38.259,4,29,300,1970-01-01 08:45:25.238259,271,86,64,67,54
1971-01-01 08:59:10.098,1,3,20,1970-01-01 08:46:08.350098,17,7,3,4,3
1971-01-04 19:32:05.508,1,1,10,1970-01-01 08:51:05.525508,9,3,2,2,2
1971-01-04 21:45:17.173,5,17,150,1970-01-01 08:51:13.517173,133,62,23,24,24
1971-01-05 00:44:38.272,1,1,10,1970-01-01 08:51:24.278272,9,1,2,2,4
1971-01-05 01:17:36.945,1,1,10,1970-01-01 08:51:26.256945,9,1,2,2,4
1971-01-06 02:35:00.102,3,29,150,1970-01-01 08:52:57.300102,121,33,30,30,28
1971-01-06 16:24:46.077,2,19,110,1970-01-01 08:53:47.086077,91,28,22,22,19
1971-01-06 19:00:33.968,4,46,300,1970-01-01 08:53:56.433968,254,93,60,63,38
1971-01-06 20:24:52.356,2,8,80,1970-01-01 08:54:01.492356,72,25,17,17,13
1971-01-06 21:51:05.855,1,3,50,1970-01-01 08:54:06.665855,47,10,11,11,15
1971-01-06 22:09:52.727,1,3,50,1970-01-01 08:54:07.792727,47,21,8,10,8
1971-01-06 22:56:14.911,1,4,50,1970-01-01 08:54:10.574911,46,11,11,11,13
1971-01-06 23:11:06.413,1,6,50,1970-01-01 08:54:11.466413,44,14,11,11,8
1971-01-07 01:09:38.152,2,12,80,1970-01-01 08:54:18.578152,68,29,16,14,9
1971-01-08 00:57:55.707,1,7,50,1970-01-01 08:55:44.275707,43,17,9,10,7
1971-01-14 00:35:24.352,1,2,30,1970-01-01 09:04:21.324352,28,6,7,7,8
1971-01-14 01:27:34.857,1,5,30,1970-01-01 09:04:24.454857,25,7,6,6,6
1971-01-14 03:38:10.144,1,3,20,1970-01-01 09:04:32.290144,17,3,4,4,6
1971-01-15 01:02:53.826,1,2,20,1970-01-01 09:05:49.373826,18,9,3,3,3
1971-01-20 08:45:47.775,5,8,60,1970-01-01 09:13:29.147775,52,22,9,11,10
1971-01-20 11:02:09.872,2,16,150,1970-01-01 09:13:37.329872,134,61,17,31,25
1971-01-21 19:40:40.563,2,3,40,1970-01-01 09:15:34.840563,37,11,9,9,8
1971-01-26 12:03:06.001,2,4,40,1970-01-01 09:22:19.386001,36,15,7,7,7
1971-01-26 19:13:54.532,1,1,10,1970-01-01 09:22:45.234532,9,3,2,2,2
1971-01-29 00:18:14.962,7,16,310,1970-01-01 09:25:56.294962,294,93,71,72,58
1971-01-29 01:22:48.302,1,4,70,1970-01-01 09:26:00.168302,66,19,16,16,15
1971-01-29 21:44:23.862,7,24,430,1970-01-01 09:27:13.463862,406,176,71,100,59
1971-01-30 00:25:15.382,3,2,40,1970-01-01 09:27:23.115382,38,11,9,9,9
1971-01-30 00:27:29.866,2,5,30,1970-01-01 09:27:23.249866,25,8,6,6,5
1971-01-30 05:29:34.138,1,1,10,1970-01-01 09:27:41.374138,9,1,2,2,4
1971-02-01 01:59:21.045,1,8,70,1970-01-01 09:30:21.561045,62,24,11,15,12
1971-02-02 06:42:04.742,1,9,140,1970-01-01 09:32:04.924742,131,60,21,24,26
1971-02-11 05:08:16.315,1,3,30,1970-01-01 09:44:56.896315,27,5,6,6,10
1971-02-12 21:30:21.547,1,3,30,1970-01-01 09:47:22.221547,27,8,6,6,7
1971-02-16 02:57:22.710,7,32,430,1970-01-01 09:52:01.042710,398,190,42,97,69
1971-02-16 03:28:21.215,1,3,30,1970-01-01 09:52:02.901215,27,7,6,6,8
1971-02-16 08:18:29.175,1,1,10,1970-01-01 09:52:20.309175,9,1,2,2,4
1971-02-16 12:27:55.895,4,5,40,1970-01-01 09:52:35.275895,35,10,8,8,9
1971-02-16 13:17:13.949,1,2,20,1970-01-01 09:52:38.233949,18,6,4,4,4
1971-02-17 03:33:15.688,2,2,40,1970-01-01 09:53:29.595688,38,19,3,9,7
1971-02-17 04:17:59.916,3,5,50,1970-01-01 09:53:32.279916,45,11,11,11,12
1971-02-17 10:00:14.450,1,4,30,1970-01-01 09:53:52.814450,26,13,5,4,4
1971-02-18 02:23:54.882,2,10,80,1970-01-01 09:54:51.834882,70,33,8,16,13
1971-02-18 05:40:33.770,1,5,30,1970-01-01 09:55:03.633770,25,11,6,3,5
1971-02-18 07:12:09.503,1,2,20,1970-01-01 09:55:09.129503,18,7,4,4,3
1971-02-18 09:14:10.851,1,1,10,1970-01-01 09:55:16.450851,9,3,2,2,2
1971-02-18 20:33:36.857,1,1,30,1970-01-01 09:55:57.216857,29,13,7,6,3
1971-02-19 07:20:10.196,3,8,60,1970-01-01 09:56:36.010196,52,13,13,13,13
1971-02-21 08:01:56.881,4,4,80,1970-01-01 09:59:31.316881,76,35,13,13,15
1971-02-21 08:15:13.771,1,2,20,1970-01-01 09:59:32.113771,18,9,2,4,3
1971-02-21 08:18:32.865,1,3,20,1970-01-01 09:59:32.312865,17,7,4,4,2
1971-02-25 06:09:11.783,1,2,20,1970-01-01 10:05:10.151783,18,9,3,3,3
1971-02-27 01:20:52.814,1,1,10,1970-01-01 10:07:45.652814,9,2,2,2,3
1971-02-27 01:41:54.435,1,4,30,1970-01-01 10:07:46.914435,26,9,6,6,5
1971-02-27 02:15:03.345,2,4,40,1970-01-01 10:07:48.903345,36,9,9,9,9
1971-02-27 02:35:26.476,4,7,60,1970-01-01 10:07:50.126476,53,20,12,12,9
1971-02-27 04:16:49.163,3,11,60,1970-01-01 10:07:56.209163,49,23,8,9,9
1971-02-27 16:53:56.160,1,2,20,1970-01-01 10:08:41.636160,18,4,4,4,6
1971-02-27 16:58:37.110,1,5,30,1970-01-01 10:08:41.917110,25,6,6,6,7
1971-02-27 18:55:15.530,4,9,50,1970-01-01 10:08:48.915530,41,19,4,10,8
1971-02-28 19:19:32.462,1,2,30,1970-01-01 10:10:16.772462,28,10,6,7,5
1971-03-02 07:58:01.355,1,1,30,1970-01-01 10:12:28.681355,29,12,6,6,5
1971-03-02 18:47:41.259,6,7,110,1970-01-01 10:13:07.661259,103,37,23,24,19
1971-03-02 22:45:24.367,1,1,20,1970-01-01 10:13:21.924367,19,4,4,4,7
1971-03-03 02:06:03.483,1,8,140,1970-01-01 10:13:33.963483,132,30,33,33,36
1971-03-03 19:19:55.964,4,6,40,1970-01-01 10:14:35.995964,34,10,8,8,8
1971-03-03 22:21:59.432,4,4,80,1970-01-01 10:14:46.919432,76,20,19,19,18
1971-03-03 23:09:03.089,4,7,80,1970-01-01 10:14:49.743089,73,32,16,18,7
1971-03-03 23:14:37.109,4,14,80,1970-01-01 10:14:50.077109,66,25,12,16,13
1971-03-03 23:20:09.790,4,4,80,1970-01-01 10:14:50.409790,76,36,9,16,15
1971-03-03 23:28:39.210,2,6,40,1970-01-01 10:14:50.919210,34,12,8,8,6
1971-03-03 23:34:59.553,2,3,40,1970-01-01 10:14:51.299553,37,15,6,9,7
1971-03-04 23:14:30.486,1,1,10,1970-01-01 10:16:16.470486,9,4,2,2,1
1971-03-04 23:18:22.413,2,4,30,1970-01-01 10:16:16.702413,26,8,6,6,6
1971-03-06 19:39:21.277,1,4,30,1970-01-01 10:18:56.361277,26,10,6,5,5
1971-03-08 03:21:05.601,2,5,30,1970-01-01 10:20:50.465601,25,7,6,6,6
1971-03-08 04:01:20.973,2,6,40,1970-01-01 10:20:52.880973,34,17,8,5,4
1971-03-08 04:07:02.286,2,6,40,1970-01-01 10:20:53.222286,34,15,6,7,6
1971-03-11 10:13:01.577,6,10,110,1970-01-01 10:25:34.381577,100,26,25,25,24
1971-03-12 02:53:08.116,1,1,20,1970-01-01 10:26:34.388116,19,8,4,4,3
1971-03-12 03:00:46.895,1,3,20,1970-01-01 10:26:34.846895,17,5,4,4,4
1971-03-15 17:43:16.758,8,30,180,1970-01-01 10:31:46.996758,150,74,21,26,29
1971-03-16 04:11:12.012,2,13,70,1970-01-01 10:32:24.672012,57,18,14,14,11
1971-03-16 15:30:26.293,3,4,40,1970-01-01 10:33:05.426293,36,15,5,9,7
1971-03-17 01:14:11.139,1,6,60,1970-01-01 10:33:40.451139,54,12,13,13,16
1971-03-17 16:53:38.370,1,3,20,1970-01-01 10:34:36.818370,17,7,4,4,2
1971-03-18 23:52:05.175,24,73,730,1970-01-01 10:36:28.325175,657,321,164,153,19
1971-03-22 09:02:57.668,1,3,20,1970-01-01 10:41:20.577668,17,3,4,4,6
1971-03-24 21:31:15.308,4,12,70,1970-01-01 10:44:58.275308,58,11,14,14,19
1971-03-25 01:54:19.529,4,8,70,1970-01-01 10:45:14.059529,62,17,15,15,15
1971-03-25 04:16:18.590,2,6,40,1970-01-01 10:45:22.578590,34,10,8,8,8
1971-03-25 19:17:55.483,5,13,80,1970-01-01 10:46:16.675483,67,18,16,16,17
1971-03-26 02:41:02.738,1,1,10,1970-01-01 10:46:43.262738,9,2,2,2,3
1971-03-27 01:21:06.887,6,20,110,1970-01-01 10:48:04.866887,90,29,21,22,18
1971-03-27 02:50:44.434,6,13,110,1970-01-01 10:48:10.244434,97,31,23,24,19
1971-03-27 04:05:18.064,3,10,60,1970-01-01 10:48:14.718064,50,24,8,12,6
1971-03-27 18:59:58.768,6,10,110,1970-01-01 10:49:08.398768,100,30,25,25,20
1971-03-27 20:07:36.002,6,20,110,1970-01-01 10:49:12.456002,90,45,9,21,15
1971-03-28 06:47:19.628,2,4,40,1970-01-01 10:49:50.839628,36,9,9,9,9
1971-03-28 08:29:26.308,1,1,20,1970-01-01 10:49:56.966308,19,5,4,4,6
1971-03-28 09:10:13.597,2,5,30,1970-01-01 10:49:59.413597,25,8,6,6,5
1971-03-28 09:28:40.886,2,1,30,1970-01-01 10:50:00.520886,29,13,5,6,5
1971-03-28 10:33:05.049,2,2,30,1970-01-01 10:50:04.385049,28,13,3,7,5
1971-03-29 00:58:57.991,6,19,100,1970-01-01 10:50:56.337991,81,29,16,20,16
1971-03-30 08:58:45.415,2,5,30,1970-01-01 10:52:51.525415,25,9,6,6,4
1971-03-30 19:57:09.811,7,21,160,1970-01-01 10:53:31.029811,139,29,34,34,42
1971-03-31 02:37:55.862,8,24,170,1970-01-01 10:53:55.075862,146,44,36,36,30
1971-03-31 05:27:17.864,2,3,30,1970-01-01 10:54:05.237864,27,11,5,6,5
1971-03-31 10:33:57.117,2,2,30,1970-01-01 10:54:23.637117,28,14,7,5,2
1971-03-31 13:26:48.156,2,2,30,1970-01-01 10:54:34.008156,28,12,7,4,5
1971-03-31 15:30:25.840,2,4,30,1970-01-01 10:54:41.425840,26,12,4,6,4
1971-04-02 08:31:38.018,2,4,30,1970-01-01 10:57:09.098018,26,8,6,6,6
1971-04-02 10:25:09.225,2,8,50,1970-01-01 10:57:15.909225,42,17,10,8,7
1971-04-03 13:08:11.598,1,1,10,1970-01-01 10:58:52.091598,9,4,2,2,1
1971-04-07 08:31:23.339,1,1,20,1970-01-01 11:04:21.083339,19,4,4,4,7
1971-04-07 23:24:21.124,1,4,40,1970-01-01 11:05:14.661124,36,18,5,6,7
1971-04-09 01:39:49.178,1,1,10,1970-01-01 11:06:49.189178,9,1,2,2,4
1971-04-09 03:11:40.764,1,5,40,1970-01-01 11:06:54.700764,35,10,8,8,9
1971-04-09 23:18:44.225,1,3,30,1970-01-01 11:08:07.124225,27,10,6,6,5
1971-04-15 03:41:21.635,1,1,10,1970-01-01 11:15:34.881635,9,3,2,2,2
1971-04-15 21:48:27.587,1,2,20,1970-01-01 11:16:40.107587,18,3,4,4,7
1971-04-17 06:27:11.486,3,3,50,1970-01-01 11:18:37.631486,47,17,10,11,9
1971-04-17 09:33:51.518,3,3,50,1970-01-01 11:18:48.831518,47,13,11,11,12
1971-04-18 05:24:00.970,3,8,50,1970-01-01 11:20:00.240970,42,11,10,10,11
1971-04-20 18:33:54.273,3,5,40,1970-01-01 11:23:40.434273,35,9,8,8,10
1971-04-21 09:14:41.324,3,2,40,1970-01-01 11:24:33.281324,38,19,8,5,6
1971-04-21 10:00:10.844,3,2,40,1970-01-01 11:24:36.010844,38,9,9,9,11
1971-04-22 03:42:08.376,1,1,10,1970-01-01 11:25:39.728376,9,4,2,2,1
1971-04-23 06:30:50.940,8,4,80,1970-01-01 11:27:16.250940,76,19,19,19,19
1971-04-23 23:30:18.682,1,5,30,1970-01-01 11:28:17.418682,25,11,3,6,5
1971-04-24 00:50:02.609,1,4,30,1970-01-01 11:28:22.202609,26,6,6,6,8
1971-04-24 01:51:17.190,1,1,10,1970-01-01 11:28:25.877190,9,2,2,2,3
1971-04-24 23:12:52.222,1,2,40,1970-01-01 11:29:42.772222,38,14,9,9,6
1971-04-26 23:48:23.643,5,13,70,1970-01-01 11:32:37.703643,57,23,13,10,11
1971-04-27 05:12:31.529,3,6,60,1970-01-01 11:32:57.151529,54,10,13,13,18
1971-04-27 20:19:22.768,6,9,90,1970-01-01 11:33:51.562768,81,33,12,20,16
1971-04-28 15:20:25.596,1,3,20,1970-01-01 11:35:00.025596,17,5,4,4,4
1971-04-29 20:15:50.265,1,7,40,1970-01-01 11:36:44.150265,33,10,8,8,7
1971-04-30 01:28:01.983,3,11,60,1970-01-01 11:37:02.881983,49,18,12,10,9
1971-05-01 02:56:06.041,1,3,20,1970-01-01 11:38:34.566041,17,8,4,4,1
1971-05-01 03:11:04.916,1,3,30,1970-01-01 11:38:35.464916,27,5,6,6,10
1971-05-02 00:25:00.110,2,3,60,1970-01-01 11:39:51.900110,57,23,9,14,11
1971-05-02 02:13:45.176,2,9,60,1970-01-01 11:39:58.425176,51,11,12,12,16
1971-05-05 02:32:17.824,1,1,10,1970-01-01 11:44:18.737824,9,1,2,2,4
1971-05-06 20:41:30.923,1,4,40,1970-01-01 11:46:50.490923,36,9,9,9,9
1971-05-07 03:06:15.290,3,11,60,1970-01-01 11:47:13.575290,49,23,5,12,9
1971-05-07 22:28:21.410,1,1,10,1970-01-01 11:48:23.301410,9,1,2,2,4
1971-05-07 23:15:16.788,2,3,30,1970-01-01 11:48:26.116788,27,11,6,6,4
1971-05-09 07:16:42.340,2,1,20,1970-01-01 11:50:21.402340,19,3,4,4,8
1971-05-10 11:13:52.908,1,6,50,1970-01-01 11:52:02.032908,44,12,11,11,10
1971-05-10 19:23:40.711,1,1,30,1970-01-01 11:52:31.420711,29,9,7,7,6
1971-05-11 02:56:28.419,1,2,30,1970-01-01 11:52:58.588419,28,10,6,7,5
1971-05-11 07:29:19.774,1,2,30,1970-01-01 11:53:14.959774,28,9,7,7,5
1971-05-11 17:34:53.179,1,4,30,1970-01-01 11:53:51.293179,26,11,4,6,5
1971-05-11 19:31:31.781,1,4,30,1970-01-01 11:53:58.291781,26,9,6,6,5
1971-05-11 21:07:37.893,2,9,70,1970-01-01 11:54:04.057893,61,16,15,15,15
1971-05-11 22:16:06.490,2,13,70,1970-01-01 11:54:08.166490,57,20,13,13,11
1971-05-12 01:52:37.285,2,7,70,1970-01-01 11:54:21.157285,63,28,12,11,12
1971-05-12 09:11:24.111,1,3,40,1970-01-01 11:54:47.484111,37,7,9,9,12
1971-05-12 18:53:28.613,1,5,30,1970-01-01 11:55:22.408613,25,7,6,6,6
1971-05-13 18:26:44.547,5,10,120,1970-01-01 11:56:47.204547,110,34,27,27,22
1971-05-13 19:16:06.334,1,1,10,1970-01-01 11:56:50.166334,9,4,2,2,1
1971-05-13 20:19:42.465,3,2,40,1970-01-01 11:56:53.982465,38,7,9,9,13
1971-05-14 02:41:31.385,3,9,50,1970-01-01 11:57:16.891385,41,8,10,10,13
1971-05-14 09:32:21.718,1,2,50,1970-01-01 11:57:41.541718,48,16,12,12,8
1971-05-14 18:56:03.209,1,5,30,1970-01-01 11:58:15.363209,25,8,6,6,5
1971-05-15 00:35:27.057,4,9,70,1970-01-01 11:58:35.727057,61,19,15,15,12
1971-05-15 17:31:54.030,1,5,30,1970-01-01 11:59:36.714030,25,11,4,6,4
1971-05-15 22:16:36.337,2,4,80,1970-01-01 11:59:53.796337,76,16,19,19,22
1971-05-15 22:34:48.458,2,10,80,1970-01-01 11:59:54.888458,70,35,9,14,12
1971-05-15 23:27:21.895,5,15,80,1970-01-01 11:59:58.041895,65,30,6,16,13
1971-05-16 08:37:57.647,4,7,60,1970-01-01 12:00:31.077647,53,21,13,11,8
1971-05-16 19:13:59.825,1,4,30,1970-01-01 12:01:09.239825,26,13,2,6,5
1971-05-16 22:09:52.796,2,4,30,1970-01-01 12:01:19.792796,26,11,6,4,5
1971-05-17 00:21:37.705,2,8,70,1970-01-01 12:01:27.697705,62,25,11,14,12
1971-05-17 00:34:00.337,2,10,70,1970-01-01 12:01:28.440337,60,30,9,14,7
1971-05-17 01:31:04.592,1,4,30,1970-01-01 12:01:31.864592,26,6,6,6,8
1971-05-17 17:51:08.970,1,5,30,1970-01-01 12:02:30.668970,25,10,5,6,4
1971-05-17 18:11:05.538,1,1,30,1970-01-01 12:02:31.865538,29,6,7,7,9
1971-05-17 18:22:05.805,1,2,30,1970-01-01 12:02:32.525805,28,7,7,7,7
1971-05-17 23:03:50.828,2,9,50,1970-01-01 12:02:49.430828,41,9,10,10,12
1971-05-18 20:52:18.825,1,5,30,1970-01-01 12:04:07.938825,25,8,6,6,5
1971-05-18 23:51:07.161,3,3,30,1970-01-01 12:04:18.667161,27,13,4,5,5
1971-05-19 03:15:39.907,2,4,30,1970-01-01 12:04:30.939907,26,12,5,5,4
1971-05-19 03:56:11.242,2,4,50,1970-01-01 12:04:33.371242,46,15,11,11,9
1971-05-19 17:45:03.844,1,2,30,1970-01-01 12:05:23.103844,28,14,4,5,5
1971-05-20 22:08:02.861,1,1,10,1970-01-01 12:07:05.282861,9,1,2,2,4
1971-05-21 00:27:43.182,1,6,60,1970-01-01 12:07:13.663182,54,13,13,13,15
1971-05-21 01:47:12.869,2,20,150,1970-01-01 12:07:18.432869,130,35,32,32,31
1971-05-21 08:38:30.980,1,8,140,1970-01-01 12:07:43.110980,132,42,32,32,26
1971-05-21 17:28:56.308,1,5,30,1970-01-01 12:08:14.936308,25,8,6,6,5
1971-05-21 18:26:50.853,5,19,100,1970-01-01 12:08:18.410853,81,35,17,17,12
1971-05-21 21:45:53.637,5,12,80,1970-01-01 12:08:30.353637,68,14,17,17,20
1971-05-21 23:54:46.303,1,3,30,1970-01-01 12:08:38.086303,27,10,6,6,5
1971-05-22 03:33:18.277,1,12,130,1970-01-01 12:08:51.198277,118,24,29,29,36
1971-05-22 04:47:57.136,1,22,130,1970-01-01 12:08:55.677136,108,33,27,27,21
1971-05-22 18:15:51.504,1,4,30,1970-01-01 12:09:44.151504,26,7,6,6,7
1971-05-22 22:28:33.606,1,9,130,1970-01-01 12:09:59.313606,121,46,27,30,18
1971-05-23 18:47:52.284,1,9,50,1970-01-01 12:11:12.472284,41,18,10,8,5
1971-05-23 18:56:48.679,1,8,50,1970-01-01 12:11:13.008679,42,15,10,10,7
1971-05-24 17:58:18.478,1,5,30,1970-01-01 12:12:35.898478,25,5,6,6,8
1971-05-26 00:25:00.410,9,36,230,1970-01-01 12:14:25.500410,194,40,48,48,58
1971-05-26 20:47:45.237,1,1,10,1970-01-01 12:15:38.865237,9,4,2,2,1
1971-05-26 20:51:35.959,1,1,10,1970-01-01 12:15:39.095959,9,3,2,2,2
1971-05-26 22:19:24.726,1,1,10,1970-01-01 12:15:44.364726,9,3,2,2,2
1971-05-26 22:22:56.479,1,1,10,1970-01-01 12:15:44.576479,9,1,2,2,4
1971-05-26 23:42:25.321,1,1,10,1970-01-01 12:15:49.345321,9,4,2,2,1
1971-05-26 23:49:15.186,1,1,10,1970-01-01 12:15:49.755186,9,2,2,2,3
1971-05-27 00:12:42.183,1,1,10,1970-01-01 12:15:51.162183,9,1,2,2,4
1971-05-27 00:16:53.928,1,1,10,1970-01-01 12:15:51.413928,9,2,2,2,3
1971-05-27 00:22:41.279,1,1,10,1970-01-01 12:15:51.761279,9,3,2,2,2
1971-05-27 00:30:51.692,1,1,10,1970-01-01 12:15:52.251692,9,3,2,2,2
1971-05-27 01:00:28.361,1,1,10,1970-01-01 12:15:54.028361,9,1,2,2,4
1971-05-27 01:16:11.132,1,1,10,1970-01-01 12:15:54.971132,9,1,2,2,4
1971-05-27 07:02:39.413,1,13,70,1970-01-01 12:16:15.759413,57,28,13,10,6
1971-05-27 21:20:25.393,1,1,10,1970-01-01 12:17:07.225393,9,1,2,2,4
1971-05-27 21:54:15.994,1,1,10,1970-01-01 12:17:09.255994,9,2,2,2,3
1971-05-28 14:25:43.214,2,6,50,1970-01-01 12:18:08.743214,44,8,11,11,14
1971-05-29 01:25:49.517,1,15,140,1970-01-01 12:18:48.349517,125,29,31,31,34
1971-05-29 03:04:14.122,1,2,30,1970-01-01 12:18:54.254122,28,13,6,5,4
1971-05-29 13:41:33.290,2,5,90,1970-01-01 12:19:32.493290,85,30,18,20,17
1971-05-29 18:15:42.583,2,10,60,1970-01-01 12:19:48.942583,50,23,6,11,10
1971-05-30 00:45:28.609,1,5,30,1970-01-01 12:20:12.328609,25,7,6,6,6
1971-05-30 08:30:30.153,1,3,20,1970-01-01 12:20:40.230153,17,3,4,4,6
1971-05-30 17:59:21.823,2,17,90,1970-01-01 12:21:14.361823,73,28,13,18,14
1971-05-30 18:14:25.742,1,3,30,1970-01-01 12:21:15.265742,27,10,6,6,5
1971-05-30 21:22:14.805,1,1,10,1970-01-01 12:21:26.534805,9,3,2,2,2
1971-05-30 21:50:08.516,1,1,10,1970-01-01 12:21:28.208516,9,4,2,2,1
1971-05-31 00:03:26.459,11,24,140,1970-01-01 12:21:36.206459,116,52,22,19,23
1971-05-31 00:37:55.099,1,9,110,1970-01-01 12:21:38.275099,101,45,14,22,20
1971-05-31 02:14:54.860,1,1,10,1970-01-01 12:21:44.094860,9,4,2,2,1
1971-05-31 04:28:12.948,1,2,40,1970-01-01 12:21:52.092948,38,7,9,9,13
1971-06-01 17:24:31.263,1,3,20,1970-01-01 12:24:05.071263,17,5,4,4,4
1971-06-01 17:50:45.019,1,2,20,1970-01-01 12:24:06.645019,18,7,4,4,3
1971-06-02 04:14:56.340,1,10,130,1970-01-01 12:24:44.096340,120,38,30,30,22
1971-06-02 05:23:28.238,1,3,20,1970-01-01 12:24:48.208238,17,8,3,4,2
1971-06-02 05:50:58.104,1,11,80,1970-01-01 12:24:49.858104,69,26,14,16,13
1971-06-02 06:01:09.910,1,8,80,1970-01-01 12:24:50.469910,72,27,15,18,12
1971-06-02 20:06:45.509,1,1,10,1970-01-01 12:25:41.205509,9,3,2,2,2
1971-06-02 20:23:36.517,1,1,10,1970-01-01 12:25:42.216517,9,3,2,2,2
1971-06-02 20:31:43.616,1,1,10,1970-01-01 12:25:42.703616,9,3,2,2,2
1971-06-02 23:28:35.998,1,1,10,1970-01-01 12:25:53.315998,9,3,2,2,2
1971-06-03 04:00:45.265,7,15,120,1970-01-01 12:26:09.645265,105,34,26,26,19
1971-06-03 23:56:36.212,1,5,30,1970-01-01 12:27:21.396212,25,8,6,6,5
1971-06-04 00:22:45.924,8,18,140,1970-01-01 12:27:22.965924,122,41,28,30,23
1971-06-04 02:38:46.750,8,22,170,1970-01-01 12:27:31.126750,148,63,37,33,15
1971-06-04 04:19:41.841,1,3,20,1970-01-01 12:27:37.181841,17,3,4,4,6
1971-06-04 05:24:45.567,2,5,50,1970-01-01 12:27:41.085567,45,15,10,11,9
1971-06-04 23:52:37.193,1,2,30,1970-01-01 12:28:47.557193,28,14,2,7,5
1971-06-06 19:21:07.782,5,2,50,1970-01-01 12:31:24.067782,48,9,12,12,15
1971-06-06 23:56:50.906,1,3,20,1970-01-01 12:31:40.610906,17,8,3,4,2
1971-06-07 16:08:36.121,9,12,90,1970-01-01 12:32:38.916121,78,26,18,19,15
1971-06-09 01:23:54.549,2,14,90,1970-01-01 12:34:38.634549,76,31,14,16,15
1971-06-09 01:39:32.606,1,1,20,1970-01-01 12:34:39.572606,19,6,4,4,5
1971-06-09 03:07:43.549,1,9,130,1970-01-01 12:34:44.863549,121,33,30,30,28
1971-06-09 06:09:16.066,1,1,10,1970-01-01 12:34:55.756066,9,3,2,2,2
1971-06-09 15:33:45.583,1,1,10,1970-01-01 12:35:29.625583,9,1,2,2,4
1971-06-10 00:19:12.013,1,1,10,1970-01-01 12:36:01.152013,9,1,2,2,4
1971-06-11 03:25:27.094,8,22,210,1970-01-01 12:37:38.727094,188,54,47,47,40
1971-06-11 04:43:24.629,2,3,30,1970-01-01 12:37:43.404629,27,8,6,6,7
1971-06-11 21:26:50.520,4,7,40,1970-01-01 12:38:43.610520,33,11,8,8,6
1971-06-12 05:25:04.827,1,2,20,1970-01-01 12:39:12.304827,18,4,4,4,6
1971-06-12 19:49:49.665,2,5,40,1970-01-01 12:40:04.189665,35,14,6,8,7
1971-06-14 01:00:27.549,8,28,170,1970-01-01 12:41:49.227549,142,71,26,26,19
1971-06-14 02:09:14.616,1,4,40,1970-01-01 12:41:53.354616,36,15,9,8,4
1971-06-14 08:15:19.471,1,20,140,1970-01-01 12:42:15.319471,120,49,18,29,24
1971-06-15 00:35:42.087,1,7,40,1970-01-01 12:43:14.142087,33,13,8,6,6
1971-06-15 01:17:47.802,2,3,20,1970-01-01 12:43:16.667802,17,8,2,4,3
1971-06-16 00:20:59.122,7,6,90,1970-01-01 12:44:39.659122,84,40,7,21,16
1971-06-17 02:12:44.535,8,18,100,1970-01-01 12:46:12.764535,82,36,15,19,12
1971-06-17 08:17:52.776,1,7,60,1970-01-01 12:46:34.672776,53,15,13,13,12
1971-06-17 17:57:52.395,2,2,30,1970-01-01 12:47:09.472395,28,10,6,7,5
1971-06-17 18:00:08.083,1,3,30,1970-01-01 12:47:09.608083,27,8,6,6,7
1971-06-17 21:01:27.194,1,5,30,1970-01-01 12:47:20.487194,25,10,6,5,4
1971-06-18 22:15:51.181,1,16,130,1970-01-01 12:48:51.351181,114,51,27,21,15
1971-06-19 00:36:21.174,1,2,30,1970-01-01 12:48:59.781174,28,11,5,7,5
1971-06-20 07:35:23.299,2,7,50,1970-01-01 12:50:51.323299,43,14,10,10,9
1971-06-25 06:33:45.179,2,4,50,1970-01-01 12:57:59.625179,46,11,11,11,13
1971-06-25 17:46:04.920,1,1,30,1970-01-01 12:58:39.964920,29,7,7,7,8
1971-06-26 13:16:09.106,1,9,140,1970-01-01 12:59:50.169106,131,56,24,29,22
1971-06-28 01:19:20.512,2,12,180,1970-01-01 13:01:59.960512,168,68,30,38,32
1971-06-29 14:22:18.126,2,13,180,1970-01-01 13:04:13.338126,167,52,41,41,33
1971-06-29 14:22:26.655,2,12,180,1970-01-01 13:04:13.346655,168,60,36,41,31
1971-06-29 14:24:27.014,2,26,180,1970-01-01 13:04:13.467014,154,35,38,38,43
1971-06-29 14:24:54.618,1,2,30,1970-01-01 13:04:13.494618,28,10,6,7,5
1971-06-30 20:56:39.444,2,21,210,1970-01-01 13:06:03.399444,189,66,46,45,32
1971-06-30 23:26:24.398,1,5,30,1970-01-01 13:06:12.384398,25,7,6,6,6
1971-07-01 20:00:54.629,1,4,40,1970-01-01 13:07:26.454629,36,15,6,8,7
1971-07-01 20:04:36.754,1,6,40,1970-01-01 13:07:26.676754,34,16,5,7,6
1971-07-01 23:07:14.663,1,2,30,1970-01-01 13:07:37.634663,28,9,7,7,5
1971-07-02 18:15:13.743,2,13,170,1970-01-01 13:08:46.513743,157,36,39,39,43
1971-07-02 21:37:52.593,1,2,50,1970-01-01 13:08:58.672593,48,18,10,12,8
1971-07-02 21:56:40.212,3,7,100,1970-01-01 13:08:59.800212,93,36,19,20,18
1971-07-02 22:16:43.636,3,9,100,1970-01-01 13:09:01.003636,91,37,14,22,18
1971-07-03 19:35:24.998,7,5,70,1970-01-01 13:10:17.724998,65,24,12,16,13
1971-07-07 17:37:43.850,1,2,40,1970-01-01 13:15:56.263850,38,16,7,9,6
1971-07-07 21:36:17.032,1,1,10,1970-01-01 13:16:10.577032,9,2,2,2,3
1971-07-07 22:38:29.395,1,15,130,1970-01-01 13:16:14.309395,115,33,28,28,26
1971-07-08 14:11:56.539,2,5,70,1970-01-01 13:17:10.316539,65,16,16,16,17
1971-07-09 01:58:50.792,1,3,30,1970-01-01 13:17:52.730792,27,7,6,6,8
1971-07-09 04:51:49.877,1,3,30,1970-01-01 13:18:03.109877,27,5,6,6,10
1971-07-09 04:51:52.455,1,4,30,1970-01-01 13:18:03.112455,26,10,6,6,4
1971-07-10 02:33:38.063,2,4,80,1970-01-01 13:19:21.218063,76,24,18,19,15
1971-07-10 03:20:30.723,1,5,30,1970-01-01 13:19:24.030723,25,11,4,6,4
1971-07-10 03:29:59.255,1,4,30,1970-01-01 13:19:24.599255,26,6,6,6,8
1971-07-10 03:44:47.689,1,1,30,1970-01-01 13:19:25.487689,29,12,6,7,4
1971-07-10 05:51:54.661,1,5,30,1970-01-01 13:19:33.114661,25,5,6,6,8
1971-07-10 05:53:49.872,1,5,30,1970-01-01 13:19:33.229872,25,11,3,6,5
1971-07-10 05:55:25.811,1,1,30,1970-01-01 13:19:33.325811,29,13,4,7,5
1971-07-10 06:09:10.248,1,2,30,1970-01-01 13:19:34.150248,28,13,5,7,3
1971-07-10 06:10:35.205,1,5,30,1970-01-01 13:19:34.235205,25,12,4,5,4
1971-07-10 06:12:45.396,1,4,30,1970-01-01 13:19:34.365396,26,5,6,6,9
1971-07-10 06:14:11.772,1,2,30,1970-01-01 13:19:34.451772,28,9,7,7,5
1971-07-10 06:23:37.921,1,2,30,1970-01-01 13:19:35.017921,28,6,7,7,8
1971-07-10 06:27:17.642,1,3,30,1970-01-01 13:19:35.237642,27,9,6,6,6
1971-07-10 06:29:55.633,1,3,30,1970-01-01 13:19:35.395633,27,12,6,4,5
1971-07-10 06:31:06.733,1,4,30,1970-01-01 13:19:35.466733,26,6,6,6,8
1971-07-10 06:32:22.251,1,3,30,1970-01-01 13:19:35.542251,27,7,6,6,8
1971-07-10 06:33:28.491,1,3,30,1970-01-01 13:19:35.608491,27,7,6,6,8
1971-07-10 06:40:26.051,1,4,30,1970-01-01 13:19:36.026051,26,5,6,6,9
1971-07-10 07:19:06.326,1,1,30,1970-01-01 13:19:38.346326,29,12,6,7,4
1971-07-10 07:24:42.411,1,2,30,1970-01-01 13:19:38.682411,28,12,6,5,5
1971-07-10 20:38:37.564,2,32,210,1970-01-01 13:20:26.317564,178,71,41,42,24
1971-07-10 22:09:25.028,8,14,80,1970-01-01 13:20:31.765028,66,15,16,16,19
1971-07-10 23:12:37.642,1,3,30,1970-01-01 13:20:35.557642,27,9,6,6,6
1971-07-10 23:21:06.849,1,3,30,1970-01-01 13:20:36.066849,27,9,6,6,6
1971-07-10 23:24:25.506,1,1,30,1970-01-01 13:20:36.265506,29,9,7,7,6
1971-07-11 02:23:30.185,1,3,30,1970-01-01 13:20:47.010185,27,7,6,6,8
1971-07-11 02:25:42.450,1,3,30,1970-01-01 13:20:47.142450,27,8,6,6,7
1971-07-11 02:28:09.387,1,2,30,1970-01-01 13:20:47.289387,28,13,7,4,4
1971-07-11 02:30:11.402,1,2,30,1970-01-01 13:20:47.411402,28,13,4,7,4
1971-07-11 02:32:01.246,1,3,30,1970-01-01 13:20:47.521246,27,12,6,5,4
1971-07-11 02:38:50.347,1,1,30,1970-01-01 13:20:47.930347,29,7,7,7,8
1971-07-11 02:42:37.146,1,2,30,1970-01-01 13:20:48.157146,28,10,6,7,5
1971-07-11 03:44:41.023,1,2,30,1970-01-01 13:20:51.881023,28,11,7,7,3
1971-07-11 03:48:07.085,1,2,30,1970-01-01 13:20:52.087085,28,5,7,7,9
1971-07-12 04:48:14.832,1,2,40,1970-01-01 13:22:22.094832,38,15,7,9,7
1971-07-13 19:57:46.839,2,12,70,1970-01-01 13:24:43.066839,58,11,14,14,19
1971-07-13 20:03:24.535,2,9,70,1970-01-01 13:24:43.404535,61,26,14,10,11
1971-07-13 23:27:00.797,1,4,30,1970-01-01 13:24:55.620797,26,9,6,6,5
1971-07-14 04:20:13.769,4,28,170,1970-01-01 13:25:13.213769,142,67,19,30,26
1971-07-14 07:21:41.523,4,21,170,1970-01-01 13:25:24.101523,149,67,34,24,24
1971-07-14 07:28:39.316,4,10,170,1970-01-01 13:25:24.519316,160,37,40,40,43
1971-07-17 00:32:39.737,1,3,30,1970-01-01 13:29:18.759737,27,7,6,6,8
1971-07-17 02:13:13.137,2,20,150,1970-01-01 13:29:24.793137,130,32,32,32,34
1971-07-17 03:19:14.168,4,27,170,1970-01-01 13:29:28.754168,143,35,35,35,38
1971-07-18 05:28:04.559,6,6,60,1970-01-01 13:31:02.884559,54,19,13,13,9
1971-07-19 09:31:32.168,2,17,250,1970-01-01 13:32:43.892168,233,60,58,58,57
1971-07-20 20:45:18.366,1,2,30,1970-01-01 13:34:50.718366,28,5,7,7,9
1971-07-20 20:45:54.508,1,3,30,1970-01-01 13:34:50.754508,27,8,6,6,7
1971-07-20 20:46:36.824,1,4,30,1970-01-01 13:34:50.796824,26,11,6,4,5
1971-07-20 22:31:14.656,1,4,30,1970-01-01 13:34:57.074656,26,10,5,6,5
1971-07-20 23:04:31.896,1,3,30,1970-01-01 13:34:59.071896,27,5,6,6,10
1971-07-20 23:06:35.687,1,5,30,1970-01-01 13:34:59.195687,25,9,5,6,5
1971-07-21 05:24:32.174,3,9,70,1970-01-01 13:35:21.872174,61,12,15,15,19
1971-07-22 23:34:04.343,1,2,30,1970-01-01 13:37:53.644343,28,8,7,7,6
1971-07-23 18:38:36.120,1,1,30,1970-01-01 13:39:02.316120,29,10,7,7,5
1971-07-24 03:26:39.119,2,4,60,1970-01-01 13:39:33.999119,56,12,14,14,16
1971-07-24 04:09:42.052,1,2,30,1970-01-01 13:39:36.582052,28,14,6,5,3
1971-07-25 04:40:44.612,3,5,80,1970-01-01 13:41:04.844612,75,24,18,18,15
1971-07-25 19:39:20.206,2,3,50,1970-01-01 13:41:58.760206,47,9,11,11,16
1971-07-26 07:27:22.748,1,2,30,1970-01-01 13:42:41.242748,28,10,7,6,5
1971-07-26 08:01:49.595,1,2,30,1970-01-01 13:42:43.309595,28,8,7,7,6
1971-07-26 08:02:49.959,2,9,50,1970-01-01 13:42:43.369959,41,20,10,6,5
1971-07-26 08:05:10.186,2,3,50,1970-01-01 13:42:43.510186,47,16,11,11,9
1971-07-26 20:49:10.466,2,6,50,1970-01-01 13:43:29.350466,44,22,10,8,4
1971-07-26 20:50:06.188,2,5,50,1970-01-01 13:43:29.406188,45,21,10,8,6
1971-07-26 20:51:03.335,2,9,50,1970-01-01 13:43:29.463335,41,19,8,7,7
1971-07-26 20:51:55.273,2,3,50,1970-01-01 13:43:29.515273,47,19,10,11,7
1971-07-26 20:53:07.148,2,5,50,1970-01-01 13:43:29.587148,45,11,11,11,12
1971-07-27 00:07:01.721,2,9,50,1970-01-01 13:43:41.221721,41,11,10,10,10
1971-07-27 00:32:25.854,2,8,50,1970-01-01 13:43:42.745854,42,11,10,10,11
1971-07-27 03:01:23.518,3,17,100,1970-01-01 13:43:51.683518,83,41,16,20,6
1971-07-27 05:26:47.089,2,4,50,1970-01-01 13:44:00.407089,46,13,11,11,11
1971-07-27 05:28:49.583,2,3,50,1970-01-01 13:44:00.529583,47,12,11,11,13
1971-07-27 05:30:09.208,2,7,50,1970-01-01 13:44:00.609208,43,18,8,10,7
1971-07-27 05:31:21.168,2,9,50,1970-01-01 13:44:00.681168,41,15,9,10,7
1971-07-27 16:28:31.096,2,6,50,1970-01-01 13:44:40.111096,44,15,10,11,8
1971-07-27 16:29:19.305,2,6,50,1970-01-01 13:44:40.159305,44,22,10,9,3
1971-07-27 16:30:06.891,2,4,50,1970-01-01 13:44:40.206891,46,10,11,11,14
1971-07-27 22:04:04.525,2,13,80,1970-01-01 13:45:00.244525,67,13,16,16,22
1971-07-27 22:17:33.935,2,7,90,1970-01-01 13:45:01.053935,83,30,20,20,13
1971-07-28 02:29:45.326,2,4,50,1970-01-01 13:45:16.185326,46,19,10,11,6
1971-07-28 02:30:28.374,2,5,50,1970-01-01 13:45:16.228374,45,12,11,11,11
1971-07-28 02:31:06.566,2,6,50,1970-01-01 13:45:16.266566,44,11,11,11,11
1971-07-28 02:31:52.795,2,4,50,1970-01-01 13:45:16.312795,46,13,11,11,11
1971-07-28 02:32:32.396,2,3,50,1970-01-01 13:45:16.352396,47,16,11,11,9
1971-07-28 09:40:50.582,2,35,250,1970-01-01 13:45:42.050582,215,79,47,52,37
1971-07-28 19:08:45.138,2,23,250,1970-01-01 13:46:16.125138,227,75,52,55,45
1971-07-28 23:23:35.845,2,5,40,1970-01-01 13:46:31.415845,35,12,8,8,7
1971-07-29 07:01:58.599,3,2,30,1970-01-01 13:46:58.918599,28,7,7,7,7
1971-07-29 08:45:07.336,2,30,250,1970-01-01 13:47:05.107336,220,72,54,50,44
1971-07-29 14:49:49.626,1,3,30,1970-01-01 13:47:26.989626,27,10,6,6,5
1971-07-29 20:21:47.781,1,1,30,1970-01-01 13:47:46.907781,29,11,6,7,5
1971-07-29 23:15:15.242,1,3,30,1970-01-01 13:47:57.315242,27,9,6,6,6
1971-07-29 23:49:36.391,1,2,30,1970-01-01 13:47:59.376391,28,9,7,7,5
1971-07-30 04:58:05.437,3,5,100,1970-01-01 13:48:17.885437,95,44,22,13,16
1971-07-30 18:53:41.630,2,49,250,1970-01-01 13:49:08.021630,201,93,40,28,40
1971-07-30 18:57:51.427,2,24,250,1970-01-01 13:49:08.271427,226,107,32,46,41
1971-07-30 21:19:04.110,1,1,10,1970-01-01 13:49:16.744110,9,3,2,2,2
1971-07-30 21:28:57.055,1,1,10,1970-01-01 13:49:17.337055,9,1,2,2,4
1971-07-30 23:29:49.492,1,4,30,1970-01-01 13:49:24.589492,26,9,6,6,5
1971-07-31 23:57:41.862,1,9,60,1970-01-01 13:50:52.661862,51,18,12,12,9
1971-08-01 01:34:31.236,2,9,70,1970-01-01 13:50:58.471236,61,20,14,15,12
1971-08-01 02:02:34.983,1,3,30,1970-01-01 13:51:00.154983,27,8,6,6,7
1971-08-02 20:33:14.747,1,3,30,1970-01-01 13:53:33.194747,27,13,4,5,5
1971-08-05 08:10:50.108,1,14,140,1970-01-01 13:57:07.850108,126,62,9,30,25
1971-08-06 05:34:11.692,1,5,30,1970-01-01 13:58:24.851692,25,6,6,6,7
1971-08-06 06:10:01.407,1,5,30,1970-01-01 13:58:27.001407,25,7,6,6,6
1971-08-06 07:34:24.530,1,27,140,1970-01-01 13:58:32.064530,113,55,24,22,12
1971-08-06 15:33:58.426,1,2,30,1970-01-01 13:59:00.838426,28,7,7,7,7
1971-08-06 20:46:18.744,1,6,40,1970-01-01 13:59:19.578744,34,11,8,8,7
1971-08-07 01:29:23.221,1,3,20,1970-01-01 13:59:36.563221,17,3,4,4,6
1971-08-07 02:45:56.327,2,3,40,1970-01-01 13:59:41.156327,37,13,9,9,6
1971-08-07 19:59:12.447,1,1,20,1970-01-01 14:00:43.152447,19,7,4,4,4
1971-08-07 20:56:02.289,1,3,20,1970-01-01 14:00:46.562289,17,3,4,4,6
1971-08-07 21:36:06.960,1,2,20,1970-01-01 14:00:48.966960,18,3,4,4,7
1971-08-08 00:08:03.173,1,21,120,1970-01-01 14:00:58.083173,99,47,23,20,9
1971-08-08 00:49:34.363,1,2,30,1970-01-01 14:01:00.574363,28,10,7,7,4
1971-08-08 23:10:54.325,1,5,30,1970-01-01 14:02:21.054325,25,6,6,6,7
1971-08-09 09:35:46.910,1,2,30,1970-01-01 14:02:58.546910,28,9,7,7,5
1971-08-09 10:43:00.452,1,2,30,1970-01-01 14:03:02.580452,28,5,7,7,9
1971-08-11 01:43:07.800,1,11,150,1970-01-01 14:05:22.987800,139,33,34,34,38
1971-08-11 02:57:56.250,1,25,150,1970-01-01 14:05:27.476250,125,41,31,28,25
1971-08-11 04:10:26.627,1,22,150,1970-01-01 14:05:31.826627,128,44,32,32,20
1971-08-11 05:26:40.605,1,1,10,1970-01-01 14:05:36.400605,9,4,2,2,1
1971-08-11 07:02:46.864,1,15,150,1970-01-01 14:05:42.166864,135,66,25,23,21
1971-08-11 08:16:43.303,1,27,150,1970-01-01 14:05:46.603303,123,24,30,30,39
1971-08-11 19:28:02.622,1,3,30,1970-01-01 14:06:26.882622,27,11,5,6,5
1971-08-11 21:37:55.709,1,5,30,1970-01-01 14:06:34.675709,25,7,6,6,6
1971-08-11 21:50:30.576,2,5,50,1970-01-01 14:06:35.430576,45,16,11,10,8
1971-08-11 22:01:05.168,1,3,30,1970-01-01 14:06:36.065168,27,5,6,6,10
1971-08-11 23:07:27.517,1,2,20,1970-01-01 14:06:40.047517,18,7,4,4,3
1971-08-12 00:25:21.131,1,14,150,1970-01-01 14:06:44.721131,136,55,33,28,20
1971-08-12 01:28:54.903,1,24,150,1970-01-01 14:06:48.534903,126,43,28,30,25
1971-08-12 02:28:29.910,3,7,60,1970-01-01 14:06:52.109910,53,23,9,13,8
1971-08-12 02:44:48.121,1,12,150,1970-01-01 14:06:53.088121,138,28,34,34,42
1971-08-12 03:02:43.967,3,11,60,1970-01-01 14:06:54.163967,49,14,12,12,11
1971-08-12 07:33:21.820,1,16,150,1970-01-01 14:07:10.401820,134,53,22,33,26
1971-08-12 21:06:39.477,2,5,40,1970-01-01 14:07:59.199477,35,8,8,8,11
1971-08-13 05:24:13.192,2,7,40,1970-01-01 14:08:29.053192,33,11,8,8,6
1971-08-13 19:32:14.096,1,4,30,1970-01-01 14:09:19.934096,26,7,6,6,7
1971-08-14 01:06:35.645,1,2,30,1970-01-01 14:09:39.995645,28,8,7,7,6
1971-08-14 01:59:26.275,1,5,30,1970-01-01 14:09:43.166275,25,5,6,6,8
1971-08-14 02:27:28.460,1,20,140,1970-01-01 14:09:44.848460,120,31,30,30,29
1971-08-14 21:51:44.420,1,4,40,1970-01-01 14:10:54.704420,36,13,9,9,5
1971-08-14 22:19:31.064,1,2,40,1970-01-01 14:10:56.371064,38,16,7,8,7
1971-08-14 22:48:24.545,1,6,40,1970-01-01 14:10:58.104545,34,7,8,8,11
1971-08-16 21:18:01.269,2,12,90,1970-01-01 14:13:45.481269,78,15,19,19,25
1971-08-17 18:16:25.843,1,3,30,1970-01-01 14:15:00.985843,27,11,5,6,5
1971-08-17 19:15:00.999,1,5,30,1970-01-01 14:15:04.500999,25,8,6,6,5
1971-08-17 19:48:38.351,2,13,80,1970-01-01 14:15:06.518351,67,30,14,14,9
1971-08-17 22:53:47.453,1,9,130,1970-01-01 14:15:17.627453,121,31,30,30,30
1971-08-17 23:51:33.917,1,12,130,1970-01-01 14:15:21.093917,118,23,29,29,37
1971-08-18 01:25:06.367,1,13,150,1970-01-01 14:15:26.706367,137,29,34,34,40
1971-08-18 05:49:35.868,1,22,140,1970-01-01 14:15:42.575868,118,46,26,25,21
1971-08-18 17:52:57.554,1,7,130,1970-01-01 14:16:25.977554,123,31,30,30,32
1971-08-18 18:11:58.728,1,17,130,1970-01-01 14:16:27.118728,113,24,28,28,33
1971-08-18 18:56:02.322,1,21,130,1970-01-01 14:16:29.762322,109,53,22,20,14
1971-08-18 19:43:02.099,1,25,140,1970-01-01 14:16:32.582099,115,56,10,27,22
1971-08-19 02:12:08.073,1,14,140,1970-01-01 14:16:55.928073,126,56,27,28,15
1971-08-19 05:51:23.035,1,8,50,1970-01-01 14:17:09.083035,42,11,10,10,11
1971-08-19 07:27:35.360,1,9,140,1970-01-01 14:17:14.855360,131,62,32,31,6
1971-08-20 02:48:56.206,1,24,140,1970-01-01 14:18:24.536206,116,36,28,29,23
1971-08-20 14:53:16.656,2,6,90,1970-01-01 14:19:07.996656,84,38,10,20,16
1971-08-21 02:52:17.865,1,15,140,1970-01-01 14:19:51.137865,125,34,31,31,29
1971-08-22 08:40:27.196,1,23,140,1970-01-01 14:21:38.427196,117,29,29,29,30
1971-08-25 03:48:26.484,1,10,140,1970-01-01 14:25:40.106484,130,58,32,29,11
1971-08-25 05:19:08.356,1,11,140,1970-01-01 14:25:45.548356,129,43,32,29,25
1971-08-25 08:07:19.925,1,22,140,1970-01-01 14:25:55.639925,118,40,27,28,23
1971-08-25 22:04:24.663,1,1,10,1970-01-01 14:26:45.864663,9,3,2,2,2
1971-08-26 02:38:38.318,1,1,10,1970-01-01 14:27:02.318318,9,1,2,2,4
1971-08-26 14:44:29.451,1,1,10,1970-01-01 14:27:45.869451,9,4,2,2,1
1971-08-26 23:04:36.493,1,1,10,1970-01-01 14:28:15.876493,9,3,2,2,2
1971-08-27 00:42:00.774,1,2,30,1970-01-01 14:28:21.720774,28,14,3,6,5
1971-08-27 01:16:51.691,1,3,30,1970-01-01 14:28:23.811691,27,11,5,6,5
1971-08-27 11:47:15.357,1,1,10,1970-01-01 14:29:01.635357,9,4,2,2,1
1971-08-29 02:16:44.752,6,16,90,1970-01-01 14:31:20.204752,74,33,13,18,10
1971-08-29 09:57:34.477,1,2,20,1970-01-01 14:31:47.854477,18,8,4,4,2
1971-08-30 01:01:40.654,1,4,40,1970-01-01 14:32:42.100654,36,15,6,8,7
1971-08-31 23:29:11.836,2,17,150,1970-01-01 14:35:29.351836,133,60,33,25,15
1971-08-31 23:47:16.164,1,5,30,1970-01-01 14:35:30.436164,25,12,2,6,5
1971-09-01 01:55:10.475,1,2,30,1970-01-01 14:35:38.110475,28,14,7,4,3
1971-09-01 01:55:22.283,1,4,30,1970-01-01 14:35:38.122283,26,11,4,6,5
1971-09-01 03:13:32.424,1,3,30,1970-01-01 14:35:42.812424,27,6,6,6,9
1971-09-02 02:18:27.580,1,1,10,1970-01-01 14:37:05.907580,9,3,2,2,2
1971-09-02 14:58:48.129,1,1,10,1970-01-01 14:37:51.528129,9,1,2,2,4
1971-09-03 21:00:19.459,1,25,140,1970-01-01 14:39:39.619459,115,36,28,28,23
1971-09-04 01:07:32.955,3,11,60,1970-01-01 14:39:54.452955,49,17,12,12,8
1971-09-04 02:33:21.039,3,8,60,1970-01-01 14:39:59.601039,52,22,7,13,10
1971-09-04 04:45:21.580,3,9,60,1970-01-01 14:40:07.521580,51,16,12,12,11
1971-09-04 06:22:20.566,3,11,60,1970-01-01 14:40:13.340566,49,17,12,12,8
1971-09-04 09:54:20.406,1,7,50,1970-01-01 14:40:26.060406,43,18,8,10,7
1971-09-04 13:36:07.023,1,2,30,1970-01-01 14:40:39.367023,28,14,3,6,5
1971-09-04 13:41:12.668,1,4,30,1970-01-01 14:40:39.672668,26,6,6,6,8
1971-09-04 13:42:32.372,1,4,30,1970-01-01 14:40:39.752372,26,11,4,6,5
