ts_submit_dt2,max_concurrent_tasks,aggregation_queries_count,id,total_queries_count,ts_submit,ts_submit_dt,max_concurrent_tasks_original
1970-01-01 00:00:00.000000000,1,0,20196,2,1970-01-01 00:00:00.000000,1970-01-01 00:00:00.000,1
1970-01-01 00:00:05.740336727,2,0,20253,2,1970-01-01 00:01:24.254992,1970-01-01 23:24:14.992,2
1970-01-01 00:00:07.690432891,2,1,20346,3,1970-01-01 00:01:52.877936,1970-01-02 07:21:17.936,1
1970-01-01 00:00:17.143394867,2,1,20490,4,1970-01-01 00:04:11.625761,1970-01-03 21:53:45.761,2
1970-01-01 00:00:17.247318510,2,1,20514,4,1970-01-01 00:04:13.151122,1970-01-03 22:19:11.122,2
1970-01-01 00:00:17.332302891,3,1,20519,5,1970-01-01 00:04:14.398498,1970-01-03 22:39:58.498,2
1970-01-01 00:00:17.773107515,3,1,20560,5,1970-01-01 00:04:20.868500,1970-01-04 00:27:48.500,1
1970-01-01 00:00:53.167678171,3,2,20781,6,1970-01-01 00:13:00.379708,1970-01-10 00:46:19.708,1
1970-01-01 00:01:07.115574135,3,2,20913,6,1970-01-01 00:16:25.102866,1970-01-12 09:38:22.866,2
1970-01-01 00:01:15.582356932,4,2,20938,7,1970-01-01 00:18:29.375840,1970-01-13 20:09:35.840,1
1970-01-01 00:01:15.704529677,4,2,20941,7,1970-01-01 00:18:31.169056,1970-01-13 20:39:29.056,1
1970-01-01 00:01:15.746421433,4,2,20943,8,1970-01-01 00:18:31.783931,1970-01-13 20:49:43.931,1
1970-01-01 00:01:22.682819208,4,2,21006,8,1970-01-01 00:20:13.594359,1970-01-15 01:06:34.359,2
1970-01-01 00:01:37.942688519,4,2,21153,9,1970-01-01 00:23:57.574280,1970-01-17 15:19:34.280,1
1970-01-01 00:02:01.694862116,5,2,21278,9,1970-01-01 00:29:46.201772,1970-01-21 16:10:01.772,1
1970-01-01 00:02:01.779100058,5,2,21279,10,1970-01-01 00:29:47.438192,1970-01-21 16:30:38.192,1
1970-01-01 00:02:01.836161075,5,2,21281,10,1970-01-01 00:29:48.275717,1970-01-21 16:44:35.717,1
1970-01-01 00:02:14.224972033,5,2,21436,10,1970-01-01 00:32:50.115079,1970-01-23 19:15:15.079,1
1970-01-01 00:02:14.260135082,5,3,21438,11,1970-01-01 00:32:50.631192,1970-01-23 19:23:51.192,1
1970-01-01 00:02:14.550197312,5,3,20600,11,1970-01-01 00:32:54.888641,1970-01-23 20:34:48.641,1
1970-01-01 00:02:14.575809007,5,3,21443,12,1970-01-01 00:32:55.264562,1970-01-23 20:41:04.562,1
1970-01-01 00:02:45.772818447,6,3,21722,12,1970-01-01 00:40:33.165188,1970-01-29 03:52:45.188,2
1970-01-01 00:02:54.469630196,6,3,21796,12,1970-01-01 00:42:40.814460,1970-01-30 15:20:14.460,5
1970-01-01 00:03:04.318959343,6,3,21852,13,1970-01-01 00:45:05.380047,1970-02-01 07:29:40.047,1
1970-01-01 00:03:04.348312562,6,3,21854,13,1970-01-01 00:45:05.810885,1970-02-01 07:36:50.885,1
1970-01-01 00:03:04.437850991,6,3,21855,13,1970-01-01 00:45:07.125104,1970-02-01 07:58:45.104,1
1970-01-01 00:03:07.055650882,6,3,21859,13,1970-01-01 00:45:45.548409,1970-02-01 18:39:08.409,1
1970-01-01 00:03:09.906424257,6,4,21860,14,1970-01-01 00:46:27.391231,1970-02-02 06:16:31.231,1
1970-01-01 00:04:54.141509229,6,4,22343,14,1970-01-01 01:11:57.323475,1970-02-19 23:15:23.475,1
1970-01-01 00:04:54.167081340,6,4,22342,14,1970-01-01 01:11:57.698815,1970-02-19 23:21:38.815,1
1970-01-01 00:04:54.316498255,6,4,22345,15,1970-01-01 01:11:59.891913,1970-02-19 23:58:11.913,1
1970-01-01 00:04:57.235696954,6,4,22374,15,1970-01-01 01:12:42.739062,1970-02-20 11:52:19.062,1
1970-01-01 00:04:57.405186007,6,4,22375,15,1970-01-01 01:12:45.226773,1970-02-20 12:33:46.773,1
1970-01-01 00:04:57.683140898,6,4,22377,16,1970-01-01 01:12:49.306514,1970-02-20 13:41:46.514,2
1970-01-01 00:04:58.079599160,6,4,22378,16,1970-01-01 01:12:55.125613,1970-02-20 15:18:45.613,1
1970-01-01 00:05:05.120396198,6,4,22476,16,1970-01-01 01:14:38.468383,1970-02-21 20:01:08.383,2
1970-01-01 00:05:08.171735616,6,4,22502,17,1970-01-01 01:15:23.255055,1970-02-22 08:27:35.055,1
1970-01-01 00:06:06.397199239,6,4,23263,17,1970-01-01 01:29:37.871466,1970-03-04 05:51:11.466,3
1970-01-01 00:06:16.947970349,6,4,23475,17,1970-01-01 01:32:12.732614,1970-03-06 00:52:12.614,1
1970-01-01 00:06:21.816836399,6,4,23524,18,1970-01-01 01:33:24.196413,1970-03-06 20:43:16.413,1
1970-01-01 00:06:21.867207611,6,4,23525,18,1970-01-01 01:33:24.935747,1970-03-06 20:55:35.747,1
1970-01-01 00:06:22.851308060,6,4,23531,18,1970-01-01 01:33:39.380087,1970-03-07 00:56:20.087,1
1970-01-01 00:06:23.018278327,6,5,23533,19,1970-01-01 01:33:41.830828,1970-03-07 01:37:10.828,1
1970-01-01 00:06:43.797160315,6,5,23622,19,1970-01-01 01:38:46.817211,1970-03-10 14:20:17.211,1
1970-01-01 00:06:51.576780354,6,5,23671,19,1970-01-01 01:40:41.004210,1970-03-11 22:03:24.210,3
1970-01-01 00:06:51.752819953,6,5,23669,19,1970-01-01 01:40:43.588068,1970-03-11 22:46:28.068,3
1970-01-01 00:06:52.828099685,6,5,23681,20,1970-01-01 01:40:59.370711,1970-03-12 03:09:30.711,1
1970-01-01 00:06:53.041722942,6,5,23685,20,1970-01-01 01:41:02.506211,1970-03-12 04:01:46.211,1
1970-01-01 00:07:11.767202998,6,4,23738,20,1970-01-01 01:45:37.353358,1970-03-15 08:22:33.358,8
1970-01-01 00:07:14.560845931,7,5,23777,20,1970-01-01 01:46:18.357636,1970-03-15 19:45:57.636,8
1970-01-01 00:07:21.846955096,7,5,23797,20,1970-01-01 01:48:05.301026,1970-03-17 01:28:21.026,1
1970-01-01 00:07:26.644081271,7,5,23780,20,1970-01-01 01:49:15.711848,1970-03-17 21:01:51.848,8
1970-01-01 00:07:26.827855047,7,5,23818,21,1970-01-01 01:49:18.409226,1970-03-17 21:46:49.226,3
1970-01-01 00:07:26.892183887,7,4,23822,21,1970-01-01 01:49:19.353426,1970-03-17 22:02:33.426,8
1970-01-01 00:07:27.468504075,7,5,23815,21,1970-01-01 01:49:27.812486,1970-03-18 00:23:32.486,8
1970-01-01 00:07:29.257237590,7,5,23820,21,1970-01-01 01:49:54.066996,1970-03-18 07:41:06.996,3
1970-01-01 00:07:29.662525840,7,5,23833,21,1970-01-01 01:50:00.015699,1970-03-18 09:20:15.699,5
1970-01-01 00:08:26.425527848,7,5,24146,21,1970-01-01 02:03:53.166524,1970-03-28 00:46:06.524,2
1970-01-01 00:08:57.754058360,7,5,24345,21,1970-01-01 02:11:32.997578,1970-04-02 08:29:57.578,3
1970-01-01 00:09:19.701444643,7,5,24449,21,1970-01-01 02:16:55.134927,1970-04-06 01:58:54.927,1
1970-01-01 00:09:19.711112637,7,5,24450,21,1970-01-01 02:16:55.276831,1970-04-06 02:01:16.831,1
1970-01-01 00:09:19.729791778,7,5,24452,20,1970-01-01 02:16:55.550998,1970-04-06 02:05:50.998,1
1970-01-01 00:09:37.879416160,8,5,24644,20,1970-01-01 02:21:21.945903,1970-04-09 04:05:45.903,2
1970-01-01 00:09:38.941071151,8,5,24652,20,1970-01-01 02:21:37.528566,1970-04-09 08:25:28.566,2
1970-01-01 00:09:54.999552288,8,5,24743,20,1970-01-01 02:25:33.230279,1970-04-12 01:53:50.279,7
1970-01-01 00:09:55.031574112,8,5,24747,20,1970-01-01 02:25:33.700286,1970-04-12 02:01:40.286,8
1970-01-01 00:10:28.700190465,8,5,24910,20,1970-01-01 02:33:47.878439,1970-04-17 19:17:58.439,1
1970-01-01 00:10:31.810618531,8,5,24950,20,1970-01-01 02:34:33.532397,1970-04-18 07:58:52.397,1
1970-01-01 00:11:23.529006353,8,5,25948,20,1970-01-01 02:47:12.639843,1970-04-27 02:50:39.843,1
1970-01-01 00:11:23.534113281,8,5,25949,19,1970-01-01 02:47:12.714801,1970-04-27 02:51:54.801,1
1970-01-01 00:11:23.570343663,8,5,25956,19,1970-01-01 02:47:13.246580,1970-04-27 03:00:46.580,1
1970-01-01 00:11:23.573179800,8,5,25957,19,1970-01-01 02:47:13.288208,1970-04-27 03:01:28.208,1
1970-01-01 00:11:56.759134451,8,5,26345,19,1970-01-01 02:55:20.381993,1970-05-02 18:19:41.993,2
1970-01-01 00:12:20.601528396,8,5,26638,19,1970-01-01 03:01:10.333713,1970-05-06 19:32:13.713,2
1970-01-01 00:12:47.453346702,8,5,26972,19,1970-01-01 03:07:44.456888,1970-05-11 09:00:56.888,2
1970-01-01 00:13:01.137491080,9,5,27071,19,1970-01-01 03:11:05.308777,1970-05-13 16:48:28.777,1
1970-01-01 00:13:14.641637954,9,5,27189,19,1970-01-01 03:14:23.518715,1970-05-15 23:51:58.715,1
1970-01-01 00:13:14.933118185,9,5,27199,19,1970-01-01 03:14:27.796977,1970-05-16 01:03:16.977,2
1970-01-01 00:13:21.311801401,9,5,27256,19,1970-01-01 03:16:01.421433,1970-05-17 03:03:41.433,8
1970-01-01 00:13:33.135736055,9,4,27270,18,1970-01-01 03:18:54.969705,1970-05-19 03:16:09.705,1
1970-01-01 00:13:39.971264682,9,4,27341,18,1970-01-01 03:20:35.299605,1970-05-20 07:08:19.605,2
1970-01-01 00:13:42.949624113,9,4,27362,18,1970-01-01 03:21:19.015098,1970-05-20 19:16:55.098,4
1970-01-01 00:14:00.598833206,9,4,27598,18,1970-01-01 03:25:38.065053,1970-05-23 19:14:25.053,1
1970-01-01 00:14:02.126777383,10,4,27660,18,1970-01-01 03:26:00.491773,1970-05-24 01:28:11.773,1
1970-01-01 00:14:02.143163115,10,4,27661,18,1970-01-01 03:26:00.732278,1970-05-24 01:32:12.278,1
1970-01-01 00:14:09.674421437,10,4,27708,18,1970-01-01 03:27:51.273896,1970-05-25 08:14:33.896,8
1970-01-01 00:14:13.025844131,10,4,27732,18,1970-01-01 03:28:40.465103,1970-05-25 21:54:25.103,8
1970-01-01 00:14:22.347481933,10,4,27833,18,1970-01-01 03:30:57.285390,1970-05-27 11:54:45.390,3
1970-01-01 00:14:23.154804657,11,4,27865,18,1970-01-01 03:31:09.135038,1970-05-27 15:12:15.038,2
1970-01-01 00:14:23.200867227,11,4,27867,18,1970-01-01 03:31:09.811131,1970-05-27 15:23:31.131,2
1970-01-01 00:14:23.222408123,11,4,27854,18,1970-01-01 03:31:10.127302,1970-05-27 15:28:47.302,2
1970-01-01 00:14:23.336039753,11,4,27873,18,1970-01-01 03:31:11.795154,1970-05-27 15:56:35.154,2
1970-01-01 00:14:27.430564248,12,4,27941,18,1970-01-01 03:32:11.893393,1970-05-28 08:38:13.393,2
1970-01-01 00:14:32.223569276,12,4,28007,18,1970-01-01 03:33:22.243726,1970-05-29 04:10:43.726,2
1970-01-01 00:14:32.643486717,12,5,28019,19,1970-01-01 03:33:28.407152,1970-05-29 05:53:27.152,1
1970-01-01 00:14:39.742911365,12,5,28088,19,1970-01-01 03:35:12.610441,1970-05-30 10:50:10.441,5
1970-01-01 00:15:05.581474809,13,5,28178,19,1970-01-01 03:41:31.861356,1970-06-03 20:11:01.356,2
1970-01-01 00:15:05.589777808,13,5,28179,19,1970-01-01 03:41:31.983225,1970-06-03 20:13:03.225,2
1970-01-01 00:15:05.593508635,13,5,28180,19,1970-01-01 03:41:32.037985,1970-06-03 20:13:57.985,2
1970-01-01 00:15:05.604143742,13,5,28181,19,1970-01-01 03:41:32.194084,1970-06-03 20:16:34.084,4
1970-01-01 00:15:05.629043404,13,5,28177,19,1970-01-01 03:41:32.559554,1970-06-03 20:22:39.554,2
1970-01-01 00:15:05.674673005,14,4,28186,18,1970-01-01 03:41:33.229292,1970-06-03 20:33:49.292,2
1970-01-01 00:15:24.061680824,14,4,28366,18,1970-01-01 03:46:03.108442,1970-06-06 23:31:48.442,1
1970-01-01 00:15:53.459952872,14,4,28573,18,1970-01-01 03:53:14.607724,1970-06-11 23:23:27.724,2
1970-01-01 00:15:59.260125572,14,4,28625,18,1970-01-01 03:54:39.740971,1970-06-12 23:02:20.971,2
1970-01-01 00:16:00.420414212,14,4,28659,18,1970-01-01 03:54:56.771350,1970-06-13 03:46:11.350,2
1970-01-01 00:16:23.892717089,15,4,28767,18,1970-01-01 04:00:41.290981,1970-06-17 03:28:10.981,3
1970-01-01 00:16:25.688555118,15,4,28774,18,1970-01-01 04:01:07.649769,1970-06-17 10:47:29.769,1
1970-01-01 00:16:36.900793492,15,4,28893,18,1970-01-01 04:03:52.219741,1970-06-19 08:30:19.741,1
1970-01-01 00:16:37.094704477,15,4,28894,18,1970-01-01 04:03:55.065910,1970-06-19 09:17:45.910,1
1970-01-01 00:16:40.506269594,15,5,28912,19,1970-01-01 04:04:45.139870,1970-06-19 23:12:19.870,1
1970-01-01 00:16:40.785244194,15,5,28932,19,1970-01-01 04:04:49.234578,1970-06-20 00:20:34.578,1
1970-01-01 00:16:44.682645896,15,5,28967,20,1970-01-01 04:05:46.439506,1970-06-20 16:13:59.506,1
1970-01-01 00:16:48.108922301,16,5,29069,21,1970-01-01 04:06:36.729394,1970-06-21 06:12:09.394,2
1970-01-01 00:16:50.709375343,16,6,29080,22,1970-01-01 04:07:14.898087,1970-06-21 16:48:18.087,1
1970-01-01 00:16:53.213964787,16,6,28164,23,1970-01-01 04:07:51.659722,1970-06-22 03:00:59.722,1
1970-01-01 00:16:53.863291668,16,6,29092,25,1970-01-01 04:08:01.190353,1970-06-22 05:39:50.353,2
1970-01-01 00:16:53.867157189,16,6,29094,26,1970-01-01 04:08:01.247090,1970-06-22 05:40:47.090,2
1970-01-01 00:16:53.892057465,17,7,29096,28,1970-01-01 04:08:01.612569,1970-06-22 05:46:52.569,2
1970-01-01 00:16:53.895332840,17,7,29098,29,1970-01-01 04:08:01.660644,1970-06-22 05:47:40.644,2
1970-01-01 00:16:53.923688150,17,8,29100,31,1970-01-01 04:08:02.076835,1970-06-22 05:54:36.835,1
1970-01-01 00:16:54.066288470,17,8,29106,33,1970-01-01 04:08:04.169881,1970-06-22 06:29:29.881,4
1970-01-01 00:16:54.364291109,17,9,29108,35,1970-01-01 04:08:08.543877,1970-06-22 07:42:23.877,4
1970-01-01 00:16:57.187320985,17,9,29121,37,1970-01-01 04:08:49.979488,1970-06-22 19:12:59.488,4
1970-01-01 00:17:22.599916724,18,10,29500,39,1970-01-01 04:15:02.978173,1970-06-27 02:49:38.173,1
1970-01-01 00:17:23.292392437,18,10,29501,41,1970-01-01 04:15:13.142130,1970-06-27 05:39:02.130,4
1970-01-01 00:17:43.659792633,18,11,29634,43,1970-01-01 04:20:12.088903,1970-06-30 16:41:28.903,1
1970-01-01 00:17:47.178438767,18,11,29689,45,1970-01-01 04:21:03.734567,1970-07-01 07:02:14.567,1
1970-01-01 00:17:47.402434078,18,12,29691,48,1970-01-01 04:21:07.022305,1970-07-01 07:57:02.305,1
1970-01-01 00:17:51.235228217,18,5,29716,50,1970-01-01 04:22:03.278942,1970-07-01 23:34:38.942,20
1970-01-01 00:17:51.868053272,18,13,29731,53,1970-01-01 04:22:12.567364,1970-07-02 02:09:27.364,1
1970-01-01 00:17:52.490300178,18,14,29732,55,1970-01-01 04:22:21.700523,1970-07-02 04:41:40.523,1
1970-01-01 00:17:52.831938986,18,14,29739,58,1970-01-01 04:22:26.714998,1970-07-02 06:05:14.998,3
1970-01-01 00:17:53.437726034,17,15,29742,60,1970-01-01 04:22:35.606564,1970-07-02 08:33:26.564,1
1970-01-01 00:17:53.847362783,17,16,29750,62,1970-01-01 04:22:41.619093,1970-07-02 10:13:39.093,1
1970-01-01 00:18:16.555256377,17,16,29973,64,1970-01-01 04:28:14.918947,1970-07-06 06:48:38.947,1
1970-01-01 00:18:16.571487520,17,16,29974,66,1970-01-01 04:28:15.157183,1970-07-06 06:52:37.183,1
1970-01-01 00:18:32.187801900,17,17,30057,68,1970-01-01 04:32:04.368901,1970-07-08 22:32:48.901,1
1970-01-01 00:18:33.256542465,16,18,30087,70,1970-01-01 04:32:20.055564,1970-07-09 02:54:15.564,1
1970-01-01 00:18:35.063250107,16,18,30100,71,1970-01-01 04:32:46.573893,1970-07-09 10:16:13.893,1
1970-01-01 00:18:42.012056358,16,18,30079,73,1970-01-01 04:34:28.566449,1970-07-10 14:36:06.449,3
1970-01-01 00:18:48.931516000,15,18,30175,74,1970-01-01 04:36:10.128264,1970-07-11 18:48:48.264,1
1970-01-01 00:20:00.863418898,15,19,30627,75,1970-01-01 04:53:45.923802,1970-07-24 00:05:23.802,2
1970-01-01 00:20:00.933115198,14,19,30630,76,1970-01-01 04:53:46.946784,1970-07-24 00:22:26.784,2
1970-01-01 00:20:00.934748286,14,19,30631,77,1970-01-01 04:53:46.970754,1970-07-24 00:22:50.754,2
1970-01-01 00:20:35.065282300,14,20,30886,78,1970-01-01 05:02:07.928800,1970-07-29 19:32:08.800,1
1970-01-01 00:20:37.900348523,13,20,30967,79,1970-01-01 05:02:49.541077,1970-07-30 07:05:41.077,4
1970-01-01 00:20:47.934154758,13,20,31059,80,1970-01-01 05:05:16.814365,1970-08-01 00:00:14.365,1
1970-01-01 00:21:01.610876793,13,20,31111,80,1970-01-01 05:08:37.557311,1970-08-03 07:45:57.311,5
1970-01-01 00:21:10.341084080,12,20,31134,81,1970-01-01 05:10:45.696753,1970-08-04 19:21:36.753,5
1970-01-01 00:21:17.199154304,12,20,30612,81,1970-01-01 05:12:26.357512,1970-08-05 23:19:17.512,2
1970-01-01 00:21:17.969519830,12,20,31271,81,1970-01-01 05:12:37.664713,1970-08-06 02:27:44.713,1
1970-01-01 00:21:31.317589757,12,20,31408,81,1970-01-01 05:15:53.583799,1970-08-08 08:53:03.799,1
1970-01-01 00:21:42.095179372,12,20,31531,81,1970-01-01 05:18:31.774123,1970-08-10 04:49:34.123,1
1970-01-01 00:21:42.130682256,11,16,31540,81,1970-01-01 05:18:32.295224,1970-08-10 04:58:15.224,9
1970-01-01 00:21:42.305396648,11,16,31545,80,1970-01-01 05:18:34.859631,1970-08-10 05:40:59.631,9
1970-01-01 00:21:42.374125085,11,16,31550,79,1970-01-01 05:18:35.868407,1970-08-10 05:57:48.407,9
1970-01-01 00:21:42.430931566,11,16,31552,78,1970-01-01 05:18:36.702196,1970-08-10 06:11:42.196,9
1970-01-01 00:22:05.253441412,11,19,32011,77,1970-01-01 05:24:11.684354,1970-08-14 03:14:44.354,1
1970-01-01 00:22:27.756823798,11,19,32219,76,1970-01-01 05:29:41.982452,1970-08-17 22:59:42.452,6
1970-01-01 00:22:27.868081693,11,19,32228,75,1970-01-01 05:29:43.615463,1970-08-17 23:26:55.463,6
1970-01-01 00:22:28.873173632,12,18,32234,74,1970-01-01 05:29:58.367910,1970-08-18 03:32:47.910,1
1970-01-01 00:22:31.047234926,12,18,32237,72,1970-01-01 05:30:30.278149,1970-08-18 12:24:38.149,1
1970-01-01 00:22:34.294424186,12,18,32290,71,1970-01-01 05:31:17.939448,1970-08-19 01:38:59.448,1
1970-01-01 00:22:35.086388450,12,18,32302,70,1970-01-01 05:31:29.563669,1970-08-19 04:52:43.669,1
1970-01-01 00:22:36.021986847,12,17,32316,68,1970-01-01 05:31:43.296110,1970-08-19 08:41:36.110,1
1970-01-01 00:22:54.829734169,12,17,32372,67,1970-01-01 05:36:19.350752,1970-08-22 13:22:30.752,1
1970-01-01 00:23:11.591451555,12,16,32566,66,1970-01-01 05:40:25.374362,1970-08-25 09:42:54.362,1
1970-01-01 00:23:26.427290658,13,16,28363,64,1970-01-01 05:44:03.130491,1970-08-27 22:12:10.491,1
1970-01-01 00:23:33.261592391,13,16,32724,63,1970-01-01 05:45:43.442383,1970-08-29 02:04:02.383,1
1970-01-01 00:23:38.041346986,13,16,32748,62,1970-01-01 05:46:53.598230,1970-08-29 21:33:18.230,1
1970-01-01 00:23:38.577935564,13,15,32759,60,1970-01-01 05:47:01.474121,1970-08-29 23:44:34.121,1
1970-01-01 00:23:50.190062640,13,15,32776,59,1970-01-01 05:49:51.913543,1970-08-31 23:05:13.543,3
1970-01-01 00:24:08.168553298,13,14,32914,57,1970-01-01 05:54:15.796597,1970-09-04 00:23:16.597,4
1970-01-01 00:24:08.173655933,14,14,32924,56,1970-01-01 05:54:15.871492,1970-09-04 00:24:31.492,4
1970-01-01 00:24:08.409572656,14,14,32940,54,1970-01-01 05:54:19.334209,1970-09-04 01:22:14.209,4
1970-01-01 00:24:24.541555796,14,13,33086,53,1970-01-01 05:58:16.114763,1970-09-06 19:08:34.763,3
1970-01-01 00:24:37.220427621,14,13,33191,52,1970-01-01 06:01:22.211554,1970-09-08 22:50:11.554,4
1970-01-01 00:24:53.622078051,14,12,32723,50,1970-01-01 06:05:22.950206,1970-09-11 17:42:30.206,1
1970-01-01 00:24:53.622110958,14,11,33311,49,1970-01-01 06:05:22.950689,1970-09-11 17:42:30.689,8
1970-01-01 00:24:54.472124336,14,12,33352,48,1970-01-01 06:05:35.426938,1970-09-11 21:10:26.938,1
1970-01-01 00:24:55.027366098,14,12,33371,46,1970-01-01 06:05:43.576615,1970-09-11 23:26:16.615,1
1970-01-01 00:25:26.467770813,15,11,33581,45,1970-01-01 06:13:25.049726,1970-09-17 07:37:29.726,1
1970-01-01 00:25:28.528733052,15,11,33320,44,1970-01-01 06:13:55.299930,1970-09-17 16:01:39.930,1
1970-01-01 00:25:41.361526787,15,11,33697,43,1970-01-01 06:17:03.655942,1970-09-19 20:20:55.942,1
1970-01-01 00:26:08.975775524,15,10,33915,42,1970-01-01 06:23:48.969849,1970-09-24 12:56:09.849,1
1970-01-01 00:26:15.020623535,15,9,33950,41,1970-01-01 06:25:17.694369,1970-09-25 13:34:54.369,6
1970-01-01 00:26:15.407816046,15,9,33951,40,1970-01-01 06:25:23.377468,1970-09-25 15:09:37.468,6
1970-01-01 00:26:17.389819642,15,9,33958,39,1970-01-01 06:25:52.468740,1970-09-25 23:14:28.740,6
1970-01-01 00:26:25.293531935,16,10,33991,39,1970-01-01 06:27:48.477129,1970-09-27 07:27:57.129,1
1970-01-01 00:26:29.488522722,16,10,33992,38,1970-01-01 06:28:50.049983,1970-09-28 00:34:09.983,1
1970-01-01 00:26:57.039262093,16,4,34081,37,1970-01-01 06:35:34.431718,1970-10-02 16:53:51.718,16
1970-01-01 00:27:00.234189722,16,9,34139,37,1970-01-01 06:36:21.325936,1970-10-03 05:55:25.936,1
1970-01-01 00:27:05.469224362,16,9,34179,36,1970-01-01 06:37:38.164251,1970-10-04 03:16:04.251,1
1970-01-01 00:27:10.936279748,16,9,34240,36,1970-01-01 06:38:58.408099,1970-10-05 01:33:28.099,1
1970-01-01 00:27:22.243660149,16,9,34286,35,1970-01-01 06:41:44.374538,1970-10-06 23:39:34.538,1
1970-01-01 00:27:22.831916668,17,9,34303,35,1970-01-01 06:41:53.008796,1970-10-07 02:03:28.796,1
1970-01-01 00:27:26.710559856,17,8,34331,34,1970-01-01 06:42:49.938392,1970-10-07 17:52:18.392,1
1970-01-01 00:27:27.274420130,17,8,34339,34,1970-01-01 06:42:58.214569,1970-10-07 20:10:14.569,1
1970-01-01 00:27:27.328824397,17,8,34343,34,1970-01-01 06:42:59.013099,1970-10-07 20:23:33.099,1
1970-01-01 00:27:28.556930228,17,8,34387,34,1970-01-01 06:43:17.038879,1970-10-08 01:23:58.879,1
1970-01-01 00:27:28.650943333,17,8,34393,33,1970-01-01 06:43:18.418776,1970-10-08 01:46:58.776,1
1970-01-01 00:27:28.667803662,17,8,34391,33,1970-01-01 06:43:18.666247,1970-10-08 01:51:06.247,1
1970-01-01 00:27:33.958768487,17,8,34486,33,1970-01-01 06:44:36.325489,1970-10-08 23:25:25.489,1
1970-01-01 00:27:38.943080756,18,8,34525,33,1970-01-01 06:45:49.483774,1970-10-09 19:44:43.774,1
1970-01-01 00:27:38.996834513,18,8,34526,33,1970-01-01 06:45:50.272756,1970-10-09 19:57:52.756,1
1970-01-01 00:27:43.242836394,18,8,34599,33,1970-01-01 06:46:52.594336,1970-10-10 13:16:34.336,1
1970-01-01 00:27:44.261994289,18,8,32423,33,1970-01-01 06:47:07.553239,1970-10-10 17:25:53.239,1
1970-01-01 00:28:02.467185790,18,8,34681,32,1970-01-01 06:51:34.763742,1970-10-13 19:39:23.742,2
1970-01-01 00:28:03.283399956,18,8,34686,32,1970-01-01 06:51:46.743896,1970-10-13 22:59:03.896,1
1970-01-01 00:28:08.425745879,18,8,34712,32,1970-01-01 06:53:02.221753,1970-10-14 19:57:01.753,4
1970-01-01 00:28:08.605991788,18,8,34722,32,1970-01-01 06:53:04.867350,1970-10-14 20:41:07.350,2
1970-01-01 00:28:09.311550538,18,8,34728,32,1970-01-01 06:53:15.223336,1970-10-14 23:33:43.336,1
1970-01-01 00:28:09.414753497,19,8,34762,31,1970-01-01 06:53:16.738119,1970-10-14 23:58:58.119,1
1970-01-01 00:28:09.478376028,19,8,34765,31,1970-01-01 06:53:17.671952,1970-10-15 00:14:31.952,1
1970-01-01 00:28:09.736528918,19,8,34770,31,1970-01-01 06:53:21.461045,1970-10-15 01:17:41.045,1
1970-01-01 00:28:11.795446970,19,8,34784,31,1970-01-01 06:53:51.681245,1970-10-15 09:41:21.245,1
1970-01-01 00:28:11.832478771,19,8,34787,30,1970-01-01 06:53:52.224787,1970-10-15 09:50:24.787,1
1970-01-01 00:28:11.905166818,19,8,34788,30,1970-01-01 06:53:53.291681,1970-10-15 10:08:11.681,1
1970-01-01 00:28:12.014947439,19,8,34790,30,1970-01-01 06:53:54.903009,1970-10-15 10:35:03.009,1
1970-01-01 00:28:15.547946562,19,7,34839,29,1970-01-01 06:54:46.759342,1970-10-16 00:59:19.342,1
1970-01-01 00:28:41.314338865,19,7,35017,29,1970-01-01 07:01:04.950950,1970-10-20 10:02:30.950,1
1970-01-01 00:28:43.890059709,19,3,29790,29,1970-01-01 07:01:42.756631,1970-10-20 20:32:36.631,20
1970-01-01 00:28:44.319870656,19,6,35060,29,1970-01-01 07:01:49.065271,1970-10-20 22:17:45.271,8
1970-01-01 00:28:44.345485757,19,7,35062,28,1970-01-01 07:01:49.441242,1970-10-20 22:24:01.242,4
1970-01-01 00:28:46.089320031,18,7,35091,28,1970-01-01 07:02:15.036734,1970-10-21 05:30:36.734,1
1970-01-01 00:28:46.168067334,18,7,35093,28,1970-01-01 07:02:16.192564,1970-10-21 05:49:52.564,1
1970-01-01 00:28:47.406411820,18,7,35098,28,1970-01-01 07:02:34.368624,1970-10-21 10:52:48.624,1
1970-01-01 00:28:50.387184502,18,7,35129,27,1970-01-01 07:03:18.119538,1970-10-21 23:01:59.538,1
1970-01-01 00:29:19.890120841,17,7,35274,27,1970-01-01 07:10:31.155052,1970-10-26 23:19:15.052,6
1970-01-01 00:29:31.897977251,17,7,35420,27,1970-01-01 07:13:27.402874,1970-10-29 00:16:42.874,1
1970-01-01 00:29:32.144407808,17,7,34082,27,1970-01-01 07:13:31.019910,1970-10-29 01:16:59.910,1
1970-01-01 00:29:43.709017931,16,6,35525,26,1970-01-01 07:16:20.761892,1970-10-31 00:26:01.892,2
1970-01-01 00:29:43.862735177,16,6,35526,26,1970-01-01 07:16:23.018109,1970-10-31 01:03:38.109,2
1970-01-01 00:30:12.878241222,15,6,35831,26,1970-01-01 07:23:28.899263,1970-11-04 23:21:39.263,1
1970-01-01 00:30:12.981295521,15,6,35835,26,1970-01-01 07:23:30.411864,1970-11-04 23:46:51.864,6
1970-01-01 00:30:13.524374212,14,6,35848,26,1970-01-01 07:23:38.383015,1970-11-05 01:59:43.015,1
1970-01-01 00:30:13.555940310,14,6,35850,25,1970-01-01 07:23:38.846333,1970-11-05 02:07:26.333,1
1970-01-01 00:30:13.576043516,13,6,35851,25,1970-01-01 07:23:39.141402,1970-11-05 02:12:21.402,1
1970-01-01 00:30:14.538005496,13,6,35863,25,1970-01-01 07:23:53.260800,1970-11-05 06:07:40.800,1
1970-01-01 00:30:24.236224276,12,6,35980,25,1970-01-01 07:26:15.608433,1970-11-06 21:40:08.433,2
1970-01-01 00:31:05.435134700,12,6,36222,25,1970-01-01 07:36:20.314051,1970-11-13 21:38:34.051,4
1970-01-01 00:31:11.388404318,11,6,36257,24,1970-01-01 07:37:47.694410,1970-11-14 21:54:54.410,10
1970-01-01 00:31:11.395163751,10,6,36254,24,1970-01-01 07:37:47.793623,1970-11-14 21:56:33.623,10
1970-01-01 00:31:43.171281621,10,6,36535,24,1970-01-01 07:45:34.194234,1970-11-20 07:29:54.234,2
1970-01-01 00:31:52.076863962,10,6,36655,24,1970-01-01 07:47:44.907780,1970-11-21 19:48:27.780,2
1970-01-01 00:31:52.163439190,9,6,36667,23,1970-01-01 07:47:46.178506,1970-11-21 20:09:38.506,6
1970-01-01 00:31:57.606537226,9,6,36686,23,1970-01-01 07:49:06.070715,1970-11-22 18:21:10.715,2
1970-01-01 00:32:33.101440503,8,6,36821,23,1970-01-01 07:57:47.054576,1970-11-28 19:04:14.576,6
1970-01-01 00:32:34.929227184,8,6,36868,22,1970-01-01 07:58:13.882297,1970-11-29 02:31:22.297,1
1970-01-01 00:32:39.592678001,8,6,36819,22,1970-01-01 07:59:22.331071,1970-11-29 21:32:11.071,6
1970-01-01 00:32:39.932256201,7,6,37039,22,1970-01-01 07:59:27.315301,1970-11-29 22:55:15.301,6
1970-01-01 00:32:39.966050167,7,5,37102,21,1970-01-01 07:59:27.811319,1970-11-29 23:03:31.319,6
1970-01-01 00:32:40.659005247,7,5,37130,21,1970-01-01 07:59:37.982312,1970-11-30 01:53:02.312,1
1970-01-01 00:32:49.154939869,7,5,37272,20,1970-01-01 08:01:42.683168,1970-12-01 12:31:23.168,4
1970-01-01 00:32:49.380314892,7,5,37273,20,1970-01-01 08:01:45.991157,1970-12-01 13:26:31.157,4
1970-01-01 00:32:49.490009940,7,5,37274,19,1970-01-01 08:01:47.601229,1970-12-01 13:53:21.229,1
1970-01-01 00:32:53.311219369,7,5,37341,19,1970-01-01 08:02:43.687829,1970-12-02 05:28:07.829,1
1970-01-01 00:32:58.525249777,6,4,37398,18,1970-01-01 08:04:00.217850,1970-12-03 02:43:37.850,2
1970-01-01 00:33:00.361939482,6,4,37363,17,1970-01-01 08:04:27.176247,1970-12-03 10:12:56.247,2
1970-01-01 00:33:04.888147083,6,4,37475,17,1970-01-01 08:05:33.610605,1970-12-04 04:40:10.605,1
1970-01-01 00:33:08.511819008,6,4,37495,16,1970-01-01 08:06:26.797807,1970-12-04 19:26:37.807,2
1970-01-01 00:33:08.924010175,6,4,37515,16,1970-01-01 08:06:32.847829,1970-12-04 21:07:27.829,1
1970-01-01 00:33:08.944041912,6,4,37524,16,1970-01-01 08:06:33.141849,1970-12-04 21:12:21.849,1
1970-01-01 00:33:08.961216186,6,4,37523,15,1970-01-01 08:06:33.393928,1970-12-04 21:16:33.928,1
1970-01-01 00:33:08.971376218,6,4,37532,15,1970-01-01 08:06:33.543054,1970-12-04 21:19:03.054,1
1970-01-01 00:33:08.973725563,7,4,37530,15,1970-01-01 08:06:33.577537,1970-12-04 21:19:37.537,1
1970-01-01 00:33:12.029137482,7,4,37551,14,1970-01-01 08:07:18.423984,1970-12-05 09:47:03.984,3
1970-01-01 00:33:15.529454121,7,4,37631,14,1970-01-01 08:08:09.800613,1970-12-06 00:03:20.613,1
1970-01-01 00:33:39.582369953,7,4,37805,14,1970-01-01 08:14:02.842312,1970-12-10 02:07:22.312,1
1970-01-01 00:33:39.785195953,7,4,37816,14,1970-01-01 08:14:05.819333,1970-12-10 02:56:59.333,1
1970-01-01 00:33:39.823085108,7,4,37818,14,1970-01-01 08:14:06.375459,1970-12-10 03:06:15.459,1
1970-01-01 00:33:40.027342735,7,4,37828,15,1970-01-01 08:14:09.373493,1970-12-10 03:56:13.493,3
1970-01-01 00:33:46.645915705,7,4,37879,15,1970-01-01 08:15:46.518981,1970-12-11 06:55:18.981,5
1970-01-01 00:33:46.949941218,7,4,37882,15,1970-01-01 08:15:50.981379,1970-12-11 08:09:41.379,3
1970-01-01 00:33:54.919630156,7,4,37956,15,1970-01-01 08:17:47.958154,1970-12-12 16:39:18.154,1
1970-01-01 00:34:14.841745805,7,4,37832,16,1970-01-01 08:22:40.369170,1970-12-16 01:52:49.170,1
1970-01-01 00:34:20.760121898,7,4,38045,16,1970-01-01 08:24:07.237372,1970-12-17 02:00:37.372,1
1970-01-01 00:34:26.807820149,7,4,38090,16,1970-01-01 08:25:36.003727,1970-12-18 02:40:03.727,3
1970-01-01 00:34:39.012943516,7,4,38218,17,1970-01-01 08:28:35.146976,1970-12-20 04:25:46.976,1
1970-01-01 00:34:39.939151687,7,4,38229,17,1970-01-01 08:28:48.741590,1970-12-20 08:12:21.590,1
1970-01-01 00:34:40.925400495,7,4,38237,18,1970-01-01 08:29:03.217463,1970-12-20 12:13:37.463,1
1970-01-01 00:34:40.931629397,7,4,38238,18,1970-01-01 08:29:03.308889,1970-12-20 12:15:08.889,1
1970-01-01 00:34:40.935727584,7,5,38239,19,1970-01-01 08:29:03.369041,1970-12-20 12:16:09.041,1
1970-01-01 00:34:42.789485552,7,5,38256,20,1970-01-01 08:29:30.577961,1970-12-20 19:49:37.961,1
1970-01-01 00:34:43.374483593,7,5,38262,20,1970-01-01 08:29:39.164392,1970-12-20 22:12:44.392,1
1970-01-01 00:34:43.756065282,7,5,38263,21,1970-01-01 08:29:44.765137,1970-12-20 23:46:05.137,1
1970-01-01 00:34:44.569185164,7,5,38264,21,1970-01-01 08:29:56.699874,1970-12-21 03:04:59.874,1
1970-01-01 00:35:02.100867945,7,6,38439,22,1970-01-01 08:34:14.024812,1970-12-24 02:33:44.812,1
1970-01-01 00:35:05.801919862,7,6,38456,22,1970-01-01 08:35:08.347775,1970-12-24 17:39:07.775,1
1970-01-01 00:35:06.269589305,7,6,38459,23,1970-01-01 08:35:15.212091,1970-12-24 19:33:32.091,1
1970-01-01 00:35:06.402389799,7,6,38460,24,1970-01-01 08:35:17.161298,1970-12-24 20:06:01.298,3
1970-01-01 00:35:07.866997458,7,6,38487,24,1970-01-01 08:35:38.658383,1970-12-25 02:04:18.383,1
1970-01-01 00:35:13.968537286,7,6,38521,24,1970-01-01 08:37:08.215009,1970-12-26 02:56:55.009,1
1970-01-01 00:35:20.110627311,7,6,38552,25,1970-01-01 08:38:38.366819,1970-12-27 03:59:26.819,3
1970-01-01 00:35:28.492821771,7,6,38690,25,1970-01-01 08:40:41.398230,1970-12-28 14:09:58.230,1
1970-01-01 00:35:31.298605155,7,6,38733,26,1970-01-01 08:41:22.580702,1970-12-29 01:36:20.702,7
1970-01-01 00:35:41.574829399,7,6,38980,26,1970-01-01 08:43:53.412131,1970-12-30 19:30:12.131,2
1970-01-01 00:35:41.869137592,7,7,38992,27,1970-01-01 08:43:57.731901,1970-12-30 20:42:11.901,3
1970-01-01 00:35:41.869667170,7,7,38995,27,1970-01-01 08:43:57.739674,1970-12-30 20:42:19.674,3
1970-01-01 00:35:41.871419215,7,7,38994,28,1970-01-01 08:43:57.765390,1970-12-30 20:42:45.390,3
1970-01-01 00:35:41.872884770,7,7,38996,29,1970-01-01 08:43:57.786901,1970-12-30 20:43:06.901,3
1970-01-01 00:35:41.873795403,7,7,38790,29,1970-01-01 08:43:57.800267,1970-12-30 20:43:20.267,3
1970-01-01 00:35:42.423462112,7,8,39033,30,1970-01-01 08:44:05.868115,1970-12-30 22:57:48.115,4
1970-01-01 00:35:47.556437704,7,8,39214,30,1970-01-01 08:45:21.208437,1970-12-31 19:53:28.437,3
1970-01-01 00:35:47.571596337,7,8,39215,31,1970-01-01 08:45:21.430931,1970-12-31 19:57:10.931,3
1970-01-01 00:35:47.638160812,7,8,39245,31,1970-01-01 08:45:22.407945,1970-12-31 20:13:27.945,3
1970-01-01 00:35:47.830991587,7,8,39212,32,1970-01-01 08:45:25.238259,1970-12-31 21:00:38.259,4
1970-01-01 00:35:50.768223755,7,8,39558,32,1970-01-01 08:46:08.350098,1971-01-01 08:59:10.098,1
1970-01-01 00:36:11.014940062,7,8,39899,33,1970-01-01 08:51:05.525508,1971-01-04 19:32:05.508,1
1970-01-01 00:36:11.559416383,7,8,39901,34,1970-01-01 08:51:13.517173,1971-01-04 21:45:17.173,5
1970-01-01 00:36:12.292575693,7,8,39916,34,1970-01-01 08:51:24.278272,1971-01-05 00:44:38.272,1
1970-01-01 00:36:12.427383721,7,9,39914,35,1970-01-01 08:51:26.256945,1971-01-05 01:17:36.945,1
1970-01-01 00:36:18.630201685,7,9,40002,35,1970-01-01 08:52:57.300102,1971-01-06 02:35:00.102,3
1970-01-01 00:36:22.022146233,7,9,40047,35,1970-01-01 08:53:47.086077,1971-01-06 16:24:46.077,2
1970-01-01 00:36:22.659022942,7,9,40004,36,1970-01-01 08:53:56.433968,1971-01-06 19:00:33.968,4
1970-01-01 00:36:23.003653566,7,9,40050,36,1970-01-01 08:54:01.492356,1971-01-06 20:24:52.356,2
1970-01-01 00:36:23.356126762,6,9,40056,37,1970-01-01 08:54:06.665855,1971-01-06 21:51:05.855,1
1970-01-01 00:36:23.432901141,6,9,40077,37,1970-01-01 08:54:07.792727,1971-01-06 22:09:52.727,1
1970-01-01 00:36:23.622452794,6,9,40082,37,1970-01-01 08:54:10.574911,1971-01-06 22:56:14.911,1
1970-01-01 00:36:23.683191292,6,10,40083,38,1970-01-01 08:54:11.466413,1971-01-06 23:11:06.413,1
1970-01-01 00:36:24.167717794,6,10,40108,38,1970-01-01 08:54:18.578152,1971-01-07 01:09:38.152,2
1970-01-01 00:36:30.006337094,6,10,40206,39,1970-01-01 08:55:44.275707,1971-01-08 00:57:55.707,1
1970-01-01 00:37:05.233132044,6,10,33319,39,1970-01-01 09:04:21.324352,1971-01-14 00:35:24.352,1
1970-01-01 00:37:05.446414989,6,10,38025,39,1970-01-01 09:04:24.454857,1971-01-14 01:27:34.857,1
1970-01-01 00:37:05.980237195,6,10,40435,40,1970-01-01 09:04:32.290144,1971-01-14 03:38:10.144,1
1970-01-01 00:37:11.231988817,6,10,39509,40,1970-01-01 09:05:49.373826,1971-01-15 01:02:53.826,1
1970-01-01 00:37:42.556628735,6,7,40857,40,1970-01-01 09:13:29.147775,1971-01-20 08:45:47.775,5
1970-01-01 00:37:43.114079288,6,10,40864,41,1970-01-01 09:13:37.329872,1971-01-20 11:02:09.872,2
1970-01-01 00:37:51.120144203,6,10,40713,41,1970-01-01 09:15:34.840563,1971-01-21 19:40:40.563,2
1970-01-01 00:38:18.682036745,6,10,41041,42,1970-01-01 09:22:19.386001,1971-01-26 12:03:06.001,2
1970-01-01 00:38:20.443110698,6,10,41119,42,1970-01-01 09:22:45.234532,1971-01-26 19:13:54.532,1
1970-01-01 00:38:33.460157848,6,10,41286,43,1970-01-01 09:25:56.294962,1971-01-29 00:18:14.962,7
1970-01-01 00:38:33.724050531,6,11,41303,43,1970-01-01 09:26:00.168302,1971-01-29 01:22:48.302,1
1970-01-01 00:38:38.717715416,6,11,41391,44,1970-01-01 09:27:13.463862,1971-01-29 21:44:23.862,7
1970-01-01 00:38:39.375278528,6,11,41427,45,1970-01-01 09:27:23.115382,1971-01-30 00:25:15.382,3
1970-01-01 00:38:39.384440994,6,11,41429,45,1970-01-01 09:27:23.249866,1971-01-30 00:27:29.866,2
1970-01-01 00:38:40.619257136,6,12,41494,46,1970-01-01 09:27:41.374138,1971-01-30 05:29:34.138,1
1970-01-01 00:38:51.532874996,6,12,41552,47,1970-01-01 09:30:21.561045,1971-02-01 01:59:21.045,1
1970-01-01 00:38:58.575097802,6,12,41570,48,1970-01-01 09:32:04.924742,1971-02-02 06:42:04.742,1
1970-01-01 00:39:51.169925333,6,12,41738,48,1970-01-01 09:44:56.896315,1971-02-11 05:08:16.315,1
1970-01-01 00:40:01.071009493,6,12,35427,49,1970-01-01 09:47:22.221547,1971-02-12 21:30:21.547,1
1970-01-01 00:40:20.067241340,6,12,41781,50,1970-01-01 09:52:01.042710,1971-02-16 02:57:22.710,7
1970-01-01 00:40:20.193862259,6,12,41782,50,1970-01-01 09:52:02.901215,1971-02-16 03:28:21.215,1
1970-01-01 00:40:21.379875689,6,13,41790,51,1970-01-01 09:52:20.309175,1971-02-16 08:18:29.175,1
1970-01-01 00:40:22.399566161,6,13,41799,52,1970-01-01 09:52:35.275895,1971-02-16 12:27:55.895,4
1970-01-01 00:40:22.601099929,6,13,41804,52,1970-01-01 09:52:38.233949,1971-02-16 13:17:13.949,1
1970-01-01 00:40:26.100402104,6,13,41838,53,1970-01-01 09:53:29.595688,1971-02-17 03:33:15.688,2
1970-01-01 00:40:26.283279963,6,14,41840,54,1970-01-01 09:53:32.279916,1971-02-17 04:17:59.916,3
1970-01-01 00:40:27.682308518,6,14,41859,54,1970-01-01 09:53:52.814450,1971-02-17 10:00:14.450,1
1970-01-01 00:40:31.703401458,6,14,41938,55,1970-01-01 09:54:51.834882,1971-02-18 02:23:54.882,2
1970-01-01 00:40:32.507265876,6,14,41946,55,1970-01-01 09:55:03.633770,1971-02-18 05:40:33.770,1
1970-01-01 00:40:32.881693043,6,14,41949,56,1970-01-01 09:55:09.129503,1971-02-18 07:12:09.503,1
1970-01-01 00:40:33.380500316,6,14,41956,56,1970-01-01 09:55:16.450851,1971-02-18 09:14:10.851,1
1970-01-01 00:40:36.157909653,6,14,41963,57,1970-01-01 09:55:57.216857,1971-02-18 20:33:36.857,1
1970-01-01 00:40:38.800920155,6,14,42004,57,1970-01-01 09:56:36.010196,1971-02-19 07:20:10.196,3
1970-01-01 00:40:50.744656407,6,14,42177,58,1970-01-01 09:59:31.316881,1971-02-21 08:01:56.881,4
1970-01-01 00:40:50.798948940,6,14,42162,58,1970-01-01 09:59:32.113771,1971-02-21 08:15:13.771,1
1970-01-01 00:40:50.812513319,6,15,42181,59,1970-01-01 09:59:32.312865,1971-02-21 08:18:32.865,1
1970-01-01 00:41:13.829655720,6,15,42265,59,1970-01-01 10:05:10.151783,1971-02-25 06:09:11.783,1
1970-01-01 00:41:24.424022395,6,15,42391,59,1970-01-01 10:07:45.652814,1971-02-27 01:20:52.814,1
1970-01-01 00:41:24.509977294,6,15,42420,60,1970-01-01 10:07:46.914435,1971-02-27 01:41:54.435,1
1970-01-01 00:41:24.645482774,7,15,42471,60,1970-01-01 10:07:48.903345,1971-02-27 02:15:03.345,2
1970-01-01 00:41:24.728815329,7,15,42505,60,1970-01-01 10:07:50.126476,1971-02-27 02:35:26.476,4
1970-01-01 00:41:25.143231980,7,15,42182,60,1970-01-01 10:07:56.209163,1971-02-27 04:16:49.163,3
1970-01-01 00:41:28.238197075,7,15,42560,61,1970-01-01 10:08:41.636160,1971-02-27 16:53:56.160,1
1970-01-01 00:41:28.257338345,8,15,42561,61,1970-01-01 10:08:41.917110,1971-02-27 16:58:37.110,1
1970-01-01 00:41:28.734144365,8,15,42564,61,1970-01-01 10:08:48.915530,1971-02-27 18:55:15.530,4
1970-01-01 00:41:34.719883150,9,16,42619,62,1970-01-01 10:10:16.772462,1971-02-28 19:19:32.462,1
1970-01-01 00:41:43.706905108,9,16,42659,62,1970-01-01 10:12:28.681355,1971-03-02 07:58:01.355,1
1970-01-01 00:41:46.362626380,9,16,42668,62,1970-01-01 10:13:07.661259,1971-03-02 18:47:41.259,6
1970-01-01 00:41:47.334379398,10,16,42681,63,1970-01-01 10:13:21.924367,1971-03-02 22:45:24.367,1
1970-01-01 00:41:48.154610675,10,16,42695,63,1970-01-01 10:13:33.963483,1971-03-03 02:06:03.483,1
1970-01-01 00:41:52.380916091,11,16,42729,64,1970-01-01 10:14:35.995964,1971-03-03 19:19:55.964,4
1970-01-01 00:41:53.125137686,11,16,42806,64,1970-01-01 10:14:46.919432,1971-03-03 22:21:59.432,4
1970-01-01 00:41:53.317514916,12,16,42811,64,1970-01-01 10:14:49.743089,1971-03-03 23:09:03.089,4
1970-01-01 00:41:53.340271874,13,16,42815,65,1970-01-01 10:14:50.077109,1971-03-03 23:14:37.109,4
1970-01-01 00:41:53.362937604,13,16,42816,65,1970-01-01 10:14:50.409790,1971-03-03 23:20:09.790,4
1970-01-01 00:41:53.397644656,14,16,42820,66,1970-01-01 10:14:50.919210,1971-03-03 23:28:39.210,2
1970-01-01 00:41:53.423557623,14,16,42822,66,1970-01-01 10:14:51.299553,1971-03-03 23:34:59.553,2
1970-01-01 00:41:59.226297891,15,17,42962,67,1970-01-01 10:16:16.470486,1971-03-04 23:14:30.486,1
1970-01-01 00:41:59.242099199,16,17,42964,67,1970-01-01 10:16:16.702413,1971-03-04 23:18:22.413,2
1970-01-01 00:42:10.119741212,16,17,43044,68,1970-01-01 10:18:56.361277,1971-03-06 19:39:21.277,1
1970-01-01 00:42:17.893728560,17,17,43090,68,1970-01-01 10:20:50.465601,1971-03-08 03:21:05.601,2
1970-01-01 00:42:18.058289119,17,17,43094,68,1970-01-01 10:20:52.880973,1971-03-08 04:01:20.973,2
1970-01-01 00:42:18.081542953,18,17,43096,69,1970-01-01 10:20:53.222286,1971-03-08 04:07:02.286,2
1970-01-01 00:42:37.237072685,18,17,43233,69,1970-01-01 10:25:34.381577,1971-03-11 10:13:01.577,6
1970-01-01 00:42:41.325349611,19,18,43293,70,1970-01-01 10:26:34.388116,1971-03-12 02:53:08.116,1
1970-01-01 00:42:41.356606465,19,18,43294,70,1970-01-01 10:26:34.846895,1971-03-12 03:00:46.895,1
1970-01-01 00:43:02.623540096,19,12,43482,70,1970-01-01 10:31:46.996758,1971-03-15 17:43:16.758,8
1970-01-01 00:43:05.190374881,20,18,43494,71,1970-01-01 10:32:24.672012,1971-03-16 04:11:12.012,2
1970-01-01 00:43:07.966985387,20,18,43513,71,1970-01-01 10:33:05.426293,1971-03-16 15:30:26.293,3
1970-01-01 00:43:10.353246487,20,18,43522,71,1970-01-01 10:33:40.451139,1971-03-17 01:14:11.139,1
1970-01-01 00:43:14.193575453,20,18,43596,71,1970-01-01 10:34:36.818370,1971-03-17 16:53:38.370,1
1970-01-01 00:43:21.790592471,21,4,43762,71,1970-01-01 10:36:28.325175,1971-03-18 23:52:05.175,24
1970-01-01 00:43:41.701907865,21,18,44045,72,1970-01-01 10:41:20.577668,1971-03-22 09:02:57.668,1
1970-01-01 00:43:56.533762081,21,18,44168,72,1970-01-01 10:44:58.275308,1971-03-24 21:31:15.308,4
1970-01-01 00:43:57.609149323,21,18,44211,72,1970-01-01 10:45:14.059529,1971-03-25 01:54:19.529,4
1970-01-01 00:43:58.189557411,21,18,44237,72,1970-01-01 10:45:22.578590,1971-03-25 04:16:18.590,2
1970-01-01 00:44:01.875207060,21,18,44252,71,1970-01-01 10:46:16.675483,1971-03-25 19:17:55.483,5
1970-01-01 00:44:03.686610666,21,18,41787,71,1970-01-01 10:46:43.262738,1971-03-26 02:41:02.738,1
1970-01-01 00:44:09.246344072,21,18,37103,71,1970-01-01 10:48:04.866887,1971-03-27 01:21:06.887,6
1970-01-01 00:44:09.612719165,21,18,37122,71,1970-01-01 10:48:10.244434,1971-03-27 02:50:44.434,6
1970-01-01 00:44:09.917509920,21,18,44404,71,1970-01-01 10:48:14.718064,1971-03-27 04:05:18.064,3
1970-01-01 00:44:13.574804394,20,18,44425,70,1970-01-01 10:49:08.398768,1971-03-27 18:59:58.768,6
1970-01-01 00:44:13.851225871,20,18,44442,70,1970-01-01 10:49:12.456002,1971-03-27 20:07:36.002,6
1970-01-01 00:44:16.466322411,20,17,44599,69,1970-01-01 10:49:50.839628,1971-03-28 06:47:19.628,2
1970-01-01 00:44:16.883736328,20,17,44600,69,1970-01-01 10:49:56.966308,1971-03-28 08:29:26.308,1
1970-01-01 00:44:17.050471409,19,17,44603,68,1970-01-01 10:49:59.413597,1971-03-28 09:10:13.597,2
1970-01-01 00:44:17.125911589,19,17,44604,68,1970-01-01 10:50:00.520886,1971-03-28 09:28:40.886,2
1970-01-01 00:44:17.389179037,18,17,44608,67,1970-01-01 10:50:04.385049,1971-03-28 10:33:05.049,2
1970-01-01 00:44:20.928760182,18,17,44636,67,1970-01-01 10:50:56.337991,1971-03-29 00:58:57.991,6
1970-01-01 00:44:28.776539700,18,16,44699,66,1970-01-01 10:52:51.525415,1971-03-30 08:58:45.415,2
1970-01-01 00:44:31.467994887,17,16,44722,65,1970-01-01 10:53:31.029811,1971-03-30 19:57:09.811,7
1970-01-01 00:44:33.106264934,17,16,44876,64,1970-01-01 10:53:55.075862,1971-03-31 02:37:55.862,8
1970-01-01 00:44:33.798607452,16,16,44902,64,1970-01-01 10:54:05.237864,1971-03-31 05:27:17.864,2
1970-01-01 00:44:35.052158194,16,16,44957,63,1970-01-01 10:54:23.637117,1971-03-31 10:33:57.117,2
1970-01-01 00:44:35.758742512,16,16,44960,62,1970-01-01 10:54:34.008156,1971-03-31 13:26:48.156,2
1970-01-01 00:44:36.264113208,15,15,44961,61,1970-01-01 10:54:41.425840,1971-03-31 15:30:25.840,2
1970-01-01 00:44:46.325096027,15,15,45128,60,1970-01-01 10:57:09.098018,1971-04-02 08:31:38.018,2
1970-01-01 00:44:46.789147127,14,15,45127,59,1970-01-01 10:57:15.909225,1971-04-02 10:25:09.225,2
1970-01-01 00:44:53.342102568,14,14,45236,58,1970-01-01 10:58:52.091598,1971-04-03 13:08:11.598,1
1970-01-01 00:45:15.756482167,14,14,45423,57,1970-01-01 11:04:21.083339,1971-04-07 08:31:23.339,1
1970-01-01 00:45:19.406764717,13,14,45476,56,1970-01-01 11:05:14.661124,1971-04-07 23:24:21.124,1
1970-01-01 00:45:25.847010538,13,14,45588,55,1970-01-01 11:06:49.189178,1971-04-09 01:39:49.178,1
1970-01-01 00:45:26.222517778,12,14,45608,54,1970-01-01 11:06:54.700764,1971-04-09 03:11:40.764,1
1970-01-01 00:45:31.156766103,12,13,45670,53,1970-01-01 11:08:07.124225,1971-04-09 23:18:44.225,1
1970-01-01 00:46:01.662712926,12,13,46050,52,1970-01-01 11:15:34.881635,1971-04-15 03:41:21.635,1
1970-01-01 00:46:06.106591193,11,13,46135,51,1970-01-01 11:16:40.107587,1971-04-15 21:48:27.587,1
1970-01-01 00:46:14.113555976,11,12,46263,49,1970-01-01 11:18:37.631486,1971-04-17 06:27:11.486,3
1970-01-01 00:46:14.876620021,11,12,46265,48,1970-01-01 11:18:48.831518,1971-04-17 09:33:51.518,3
1970-01-01 00:46:19.741783381,10,12,46266,47,1970-01-01 11:20:00.240970,1971-04-18 05:24:00.970,3
1970-01-01 00:46:34.743668425,10,12,46346,46,1970-01-01 11:23:40.434273,1971-04-20 18:33:54.273,3
1970-01-01 00:46:38.344165684,10,11,46394,45,1970-01-01 11:24:33.281324,1971-04-21 09:14:41.324,3
1970-01-01 00:46:38.530129311,10,11,46399,44,1970-01-01 11:24:36.010844,1971-04-21 10:00:10.844,3
1970-01-01 00:46:42.871238133,10,11,46468,43,1970-01-01 11:25:39.728376,1971-04-22 03:42:08.376,1
1970-01-01 00:46:49.447370965,9,5,46504,42,1970-01-01 11:27:16.250940,1971-04-23 06:30:50.940,8
1970-01-01 00:46:53.614761260,9,10,33719,41,1970-01-01 11:28:17.418682,1971-04-23 23:30:18.682,1
1970-01-01 00:46:53.940692712,9,10,46567,39,1970-01-01 11:28:22.202609,1971-04-24 00:50:02.609,1
1970-01-01 00:46:54.191043839,9,10,46574,38,1970-01-01 11:28:25.877190,1971-04-24 01:51:17.190,1
1970-01-01 00:46:59.429942638,9,9,45512,37,1970-01-01 11:29:42.772222,1971-04-24 23:12:52.222,1
1970-01-01 00:47:11.348111958,9,9,46433,36,1970-01-01 11:32:37.703643,1971-04-26 23:48:23.643,5
1970-01-01 00:47:12.673106615,8,9,46450,35,1970-01-01 11:32:57.151529,1971-04-27 05:12:31.529,3
1970-01-01 00:47:16.380172822,8,8,46796,34,1970-01-01 11:33:51.562768,1971-04-27 20:19:22.768,6
1970-01-01 00:47:21.044581146,8,8,45310,33,1970-01-01 11:35:00.025596,1971-04-28 15:20:25.596,1
1970-01-01 00:47:28.138649373,8,8,46934,33,1970-01-01 11:36:44.150265,1971-04-29 20:15:50.265,1
1970-01-01 00:47:29.414851129,8,8,46953,32,1970-01-01 11:37:02.881983,1971-04-30 01:28:01.983,3
1970-01-01 00:47:35.661334014,8,8,47047,31,1970-01-01 11:38:34.566041,1971-05-01 02:56:06.041,1
1970-01-01 00:47:35.722574838,8,8,47049,30,1970-01-01 11:38:35.464916,1971-05-01 03:11:04.916,1
1970-01-01 00:47:40.930144633,8,7,47148,29,1970-01-01 11:39:51.900110,1971-05-02 00:25:00.110,2
1970-01-01 00:47:41.374700796,8,7,47159,28,1970-01-01 11:39:58.425176,1971-05-02 02:13:45.176,2
1970-01-01 00:47:59.109937824,8,7,47349,27,1970-01-01 11:44:18.737824,1971-05-05 02:32:17.824,1
1970-01-01 00:48:09.448955928,8,6,47437,26,1970-01-01 11:46:50.490923,1971-05-06 20:41:30.923,1
1970-01-01 00:48:11.021705941,7,6,34403,25,1970-01-01 11:47:13.575290,1971-05-07 03:06:15.290,3
1970-01-01 00:48:15.772183010,7,6,47607,24,1970-01-01 11:48:23.301410,1971-05-07 22:28:21.410,1
1970-01-01 00:48:15.963996187,7,6,47314,23,1970-01-01 11:48:26.116788,1971-05-07 23:15:16.788,2
1970-01-01 00:48:23.818461217,7,6,47756,22,1970-01-01 11:50:21.402340,1971-05-09 07:16:42.340,2
1970-01-01 00:48:30.674474513,7,5,47367,21,1970-01-01 11:52:02.032908,1971-05-10 11:13:52.908,1
1970-01-01 00:48:32.676680921,7,5,47830,20,1970-01-01 11:52:31.420711,1971-05-10 19:23:40.711,1
1970-01-01 00:48:34.527631094,7,5,46904,19,1970-01-01 11:52:58.588419,1971-05-11 02:56:28.419,1
1970-01-01 00:48:35.643020084,7,4,47841,18,1970-01-01 11:53:14.959774,1971-05-11 07:29:19.774,1
1970-01-01 00:48:38.118433993,7,4,47857,18,1970-01-01 11:53:51.293179,1971-05-11 17:34:53.179,1
1970-01-01 00:48:38.595252413,6,4,47864,17,1970-01-01 11:53:58.291781,1971-05-11 19:31:31.781,1
1970-01-01 00:48:38.988100643,6,4,47869,16,1970-01-01 11:54:04.057893,1971-05-11 21:07:37.893,2
1970-01-01 00:48:39.268021508,6,4,47877,16,1970-01-01 11:54:08.166490,1971-05-11 22:16:06.490,2
1970-01-01 00:48:40.153091174,6,4,47901,15,1970-01-01 11:54:21.157285,1971-05-12 01:52:37.285,2
1970-01-01 00:48:41.946751616,6,4,47938,15,1970-01-01 11:54:47.484111,1971-05-12 09:11:24.111,1
1970-01-01 00:48:44.326176227,6,4,47954,14,1970-01-01 11:55:22.408613,1971-05-12 18:53:28.613,1
1970-01-01 00:48:50.103367616,6,4,47978,14,1970-01-01 11:56:47.204547,1971-05-13 18:26:44.547,5
1970-01-01 00:48:50.305155715,6,4,47999,14,1970-01-01 11:56:50.166334,1971-05-13 19:16:06.334,1
1970-01-01 00:48:50.565150718,5,4,48003,14,1970-01-01 11:56:53.982465,1971-05-13 20:19:42.465,3
1970-01-01 00:48:52.125947435,5,3,48054,13,1970-01-01 11:57:16.891385,1971-05-14 02:41:31.385,3
1970-01-01 00:48:53.805387531,5,3,47935,13,1970-01-01 11:57:41.541718,1971-05-14 09:32:21.718,1
1970-01-01 00:48:56.109663424,5,3,48102,13,1970-01-01 11:58:15.363209,1971-05-14 18:56:03.209,1
1970-01-01 00:48:57.497063053,5,3,48116,13,1970-01-01 11:58:35.727057,1971-05-15 00:35:27.057,4
1970-01-01 00:49:01.652137460,5,4,48176,14,1970-01-01 11:59:36.714030,1971-05-15 17:31:54.030,1
1970-01-01 00:49:02.815963982,5,4,48198,14,1970-01-01 11:59:53.796337,1971-05-15 22:16:36.337,2
1970-01-01 00:49:02.890370758,5,4,48199,14,1970-01-01 11:59:54.888458,1971-05-15 22:34:48.458,2
1970-01-01 00:49:03.105216072,5,4,48013,14,1970-01-01 11:59:58.041895,1971-05-15 23:27:21.895,5
1970-01-01 00:49:05.355959156,5,4,48292,15,1970-01-01 12:00:31.077647,1971-05-16 08:37:57.647,4
1970-01-01 00:49:07.955968327,6,4,48304,15,1970-01-01 12:01:09.239825,1971-05-16 19:13:59.825,1
1970-01-01 00:49:08.674947768,6,4,48310,15,1970-01-01 12:01:19.792796,1971-05-16 22:09:52.796,2
1970-01-01 00:49:09.213513358,6,4,48196,16,1970-01-01 12:01:27.697705,1971-05-17 00:21:37.705,2
1970-01-01 00:49:09.264109265,6,4,48337,16,1970-01-01 12:01:28.440337,1971-05-17 00:34:00.337,2
1970-01-01 00:49:09.497405551,6,4,48342,16,1970-01-01 12:01:31.864592,1971-05-17 01:31:04.592,1
1970-01-01 00:49:13.503778619,6,4,48408,17,1970-01-01 12:02:30.668970,1971-05-17 17:51:08.970,1
1970-01-01 00:49:13.585301423,6,4,48410,17,1970-01-01 12:02:31.865538,1971-05-17 18:11:05.538,1
1970-01-01 00:49:13.630285760,6,4,48411,17,1970-01-01 12:02:32.525805,1971-05-17 18:22:05.805,1
1970-01-01 00:49:14.782033829,6,4,48427,18,1970-01-01 12:02:49.430828,1971-05-17 23:03:50.828,2
1970-01-01 00:49:20.130824778,6,4,48501,18,1970-01-01 12:04:07.938825,1971-05-18 20:52:18.825,1
1970-01-01 00:49:20.861751927,7,4,48529,18,1970-01-01 12:04:18.667161,1971-05-18 23:51:07.161,3
1970-01-01 00:49:21.697900539,7,4,48594,18,1970-01-01 12:04:30.939907,1971-05-19 03:15:39.907,2
1970-01-01 00:49:21.863548666,7,4,48600,18,1970-01-01 12:04:33.371242,1971-05-19 03:56:11.242,2
1970-01-01 00:49:25.251856884,7,5,48637,19,1970-01-01 12:05:23.103844,1971-05-19 17:45:03.844,1
1970-01-01 00:49:32.213366821,7,5,48754,19,1970-01-01 12:07:05.282861,1971-05-20 22:08:02.861,1
1970-01-01 00:49:32.784322479,7,5,48794,19,1970-01-01 12:07:13.663182,1971-05-21 00:27:43.182,1
1970-01-01 00:49:33.109283752,7,5,48796,19,1970-01-01 12:07:18.432869,1971-05-21 01:47:12.869,2
1970-01-01 00:49:34.790616378,8,5,48844,19,1970-01-01 12:07:43.110980,1971-05-21 08:38:30.980,1
1970-01-01 00:49:36.958892641,8,5,48873,20,1970-01-01 12:08:14.936308,1971-05-21 17:28:56.308,1
1970-01-01 00:49:37.195615211,8,4,48798,20,1970-01-01 12:08:18.410853,1971-05-21 18:26:50.853,5
1970-01-01 00:49:38.009283339,8,5,48661,20,1970-01-01 12:08:30.353637,1971-05-21 21:45:53.637,5
1970-01-01 00:49:38.536113923,8,5,48918,20,1970-01-01 12:08:38.086303,1971-05-21 23:54:46.303,1
1970-01-01 00:49:39.429439578,8,5,48948,21,1970-01-01 12:08:51.198277,1971-05-22 03:33:18.277,1
1970-01-01 00:49:39.734586588,8,5,48955,21,1970-01-01 12:08:55.677136,1971-05-22 04:47:57.136,1
1970-01-01 00:49:43.037170664,8,5,48987,21,1970-01-01 12:09:44.151504,1971-05-22 18:15:51.504,1
1970-01-01 00:49:44.070172614,8,5,49010,21,1970-01-01 12:09:59.313606,1971-05-22 22:28:33.606,1
1970-01-01 00:49:49.054511657,9,5,49078,21,1970-01-01 12:11:12.472284,1971-05-23 18:47:52.284,1
1970-01-01 00:49:49.091056529,9,5,49079,21,1970-01-01 12:11:13.008679,1971-05-23 18:56:48.679,1
1970-01-01 00:49:54.738381943,9,5,49123,21,1970-01-01 12:12:35.898478,1971-05-24 17:58:18.478,1
1970-01-01 00:50:02.205618966,9,5,49231,21,1970-01-01 12:14:25.500410,1971-05-26 00:25:00.410,9
1970-01-01 00:50:07.204003049,9,6,49298,22,1970-01-01 12:15:38.865237,1971-05-26 20:47:45.237,1
1970-01-01 00:50:07.219722259,9,6,49299,22,1970-01-01 12:15:39.095959,1971-05-26 20:51:35.959,1
1970-01-01 00:50:07.578686114,9,5,49327,21,1970-01-01 12:15:44.364726,1971-05-26 22:19:24.726,1
1970-01-01 00:50:07.593112957,9,5,49329,21,1970-01-01 12:15:44.576479,1971-05-26 22:22:56.479,1
1970-01-01 00:50:07.918016660,9,5,49335,21,1970-01-01 12:15:49.345321,1971-05-26 23:42:25.321,1
1970-01-01 00:50:07.945940977,9,5,49336,21,1970-01-01 12:15:49.755186,1971-05-26 23:49:15.186,1
1970-01-01 00:50:08.041800419,9,5,49348,21,1970-01-01 12:15:51.162183,1971-05-27 00:12:42.183,1
1970-01-01 00:50:08.058951938,10,5,49349,21,1970-01-01 12:15:51.413928,1971-05-27 00:16:53.928,1
1970-01-01 00:50:08.082617143,10,5,49350,21,1970-01-01 12:15:51.761279,1971-05-27 00:22:41.279,1
1970-01-01 00:50:08.116029238,10,5,49353,20,1970-01-01 12:15:52.251692,1971-05-27 00:30:51.692,1
1970-01-01 00:50:08.237074627,10,5,49364,20,1970-01-01 12:15:54.028361,1971-05-27 01:00:28.361,1
1970-01-01 00:50:08.301306109,10,5,49370,20,1970-01-01 12:15:54.971132,1971-05-27 01:16:11.132,1
1970-01-01 00:50:09.717622580,10,5,49442,20,1970-01-01 12:16:15.759413,1971-05-27 07:02:39.413,1
1970-01-01 00:50:13.224026749,10,5,49481,19,1970-01-01 12:17:07.225393,1971-05-27 21:20:25.393,1
1970-01-01 00:50:13.362372658,10,5,49486,19,1970-01-01 12:17:09.255994,1971-05-27 21:54:15.994,1
1970-01-01 00:50:17.415268109,10,5,49553,19,1970-01-01 12:18:08.743214,1971-05-28 14:25:43.214,2
1970-01-01 00:50:20.113666273,10,4,49647,18,1970-01-01 12:18:48.349517,1971-05-29 01:25:49.517,1
1970-01-01 00:50:20.515950104,10,4,49660,18,1970-01-01 12:18:54.254122,1971-05-29 03:04:14.122,1
1970-01-01 00:50:23.121204645,10,4,49721,18,1970-01-01 12:19:32.493290,1971-05-29 13:41:33.290,2
1970-01-01 00:50:24.241903591,10,4,49724,17,1970-01-01 12:19:48.942583,1971-05-29 18:15:42.583,2
1970-01-01 00:50:25.835205789,10,4,49797,17,1970-01-01 12:20:12.328609,1971-05-30 00:45:28.609,1
1970-01-01 00:50:27.736152593,10,4,49834,17,1970-01-01 12:20:40.230153,1971-05-30 08:30:30.153,1
1970-01-01 00:50:30.061561144,10,4,49848,17,1970-01-01 12:21:14.361823,1971-05-30 17:59:21.823,2
1970-01-01 00:50:30.123145619,10,4,49849,17,1970-01-01 12:21:15.265742,1971-05-30 18:14:25.742,1
1970-01-01 00:50:30.890912783,10,4,49874,17,1970-01-01 12:21:26.534805,1971-05-30 21:22:14.805,1
1970-01-01 00:50:31.004943589,10,4,49887,16,1970-01-01 12:21:28.208516,1971-05-30 21:50:08.516,1
1970-01-01 00:50:31.549847634,10,3,49896,16,1970-01-01 12:21:36.206459,1971-05-31 00:03:26.459,11
1970-01-01 00:50:31.690785161,10,4,49905,16,1970-01-01 12:21:38.275099,1971-05-31 00:37:55.099,1
1970-01-01 00:50:32.087288525,10,4,49917,16,1970-01-01 12:21:44.094860,1971-05-31 02:14:54.860,1
1970-01-01 00:50:32.632202449,10,4,49928,16,1970-01-01 12:21:52.092948,1971-05-31 04:28:12.948,1
1970-01-01 00:50:41.692084688,10,4,49994,16,1970-01-01 12:24:05.071263,1971-06-01 17:24:31.263,1
1970-01-01 00:50:41.799305508,10,4,49995,16,1970-01-01 12:24:06.645019,1971-06-01 17:50:45.019,1
1970-01-01 00:50:44.350883620,10,4,50058,16,1970-01-01 12:24:44.096340,1971-06-02 04:14:56.340,1
1970-01-01 00:50:44.631029384,10,4,50066,16,1970-01-01 12:24:48.208238,1971-06-02 05:23:28.238,1
1970-01-01 00:50:44.743435619,10,4,50071,16,1970-01-01 12:24:49.858104,1971-06-02 05:50:58.104,1
1970-01-01 00:50:44.785118282,10,4,50072,16,1970-01-01 12:24:50.469910,1971-06-02 06:01:09.910,1
1970-01-01 00:50:48.241761211,10,4,50101,17,1970-01-01 12:25:41.205509,1971-06-02 20:06:45.509,1
1970-01-01 00:50:48.310641715,10,4,50104,17,1970-01-01 12:25:42.216517,1971-06-02 20:23:36.517,1
1970-01-01 00:50:48.343828025,10,4,50106,17,1970-01-01 12:25:42.703616,1971-06-02 20:31:43.616,1
1970-01-01 00:50:49.066855168,10,4,50107,17,1970-01-01 12:25:53.315998,1971-06-02 23:28:35.998,1
1970-01-01 00:50:50.179376680,10,4,50215,17,1970-01-01 12:26:09.645265,1971-06-03 04:00:45.265,7
1970-01-01 00:50:55.067806274,10,4,50312,17,1970-01-01 12:27:21.396212,1971-06-03 23:56:36.212,1
1970-01-01 00:50:55.174751574,10,4,50313,17,1970-01-01 12:27:22.965924,1971-06-04 00:22:45.924,8
1970-01-01 00:50:55.730752923,10,4,50329,17,1970-01-01 12:27:31.126750,1971-06-04 02:38:46.750,8
1970-01-01 00:50:56.143289444,10,4,50344,17,1970-01-01 12:27:37.181841,1971-06-04 04:19:41.841,1
1970-01-01 00:50:56.409252341,10,4,50339,17,1970-01-01 12:27:41.085567,1971-06-04 05:24:45.567,2
1970-01-01 00:51:00.937999030,10,4,50417,18,1970-01-01 12:28:47.557193,1971-06-04 23:52:37.193,1
1970-01-01 00:51:11.601147419,10,4,50616,18,1970-01-01 12:31:24.067782,1971-06-06 19:21:07.782,5
1970-01-01 00:51:12.728239120,10,4,50647,18,1970-01-01 12:31:40.610906,1971-06-06 23:56:50.906,1
1970-01-01 00:51:16.700603951,10,2,50670,18,1970-01-01 12:32:38.916121,1971-06-07 16:08:36.121,9
1970-01-01 00:51:24.857083145,10,4,50777,18,1970-01-01 12:34:38.634549,1971-06-09 01:23:54.549,2
1970-01-01 00:51:24.920993459,10,4,50759,18,1970-01-01 12:34:39.572606,1971-06-09 01:39:32.606,1
1970-01-01 00:51:25.281468177,10,4,50791,18,1970-01-01 12:34:44.863549,1971-06-09 03:07:43.549,1
1970-01-01 00:51:26.023581064,10,4,50801,18,1970-01-01 12:34:55.756066,1971-06-09 06:09:16.066,1
1970-01-01 00:51:28.331128994,10,4,50808,18,1970-01-01 12:35:29.625583,1971-06-09 15:33:45.583,1
1970-01-01 00:51:30.479041179,10,5,50857,19,1970-01-01 12:36:01.152013,1971-06-10 00:19:12.013,1
1970-01-01 00:51:37.126882546,10,5,40992,19,1970-01-01 12:37:38.727094,1971-06-11 03:25:27.094,8
1970-01-01 00:51:37.445565455,9,5,50945,19,1970-01-01 12:37:43.404629,1971-06-11 04:43:24.629,2
1970-01-01 00:51:41.547424337,9,5,50990,19,1970-01-01 12:38:43.610520,1971-06-11 21:26:50.520,4
1970-01-01 00:51:43.502382499,9,5,51034,19,1970-01-01 12:39:12.304827,1971-06-12 05:25:04.827,1
1970-01-01 00:51:47.037323683,9,5,51100,19,1970-01-01 12:40:04.189665,1971-06-12 19:49:49.665,2
1970-01-01 00:51:54.193609726,9,4,51187,20,1970-01-01 12:41:49.227549,1971-06-14 01:00:27.549,8
1970-01-01 00:51:54.474788962,9,5,51213,20,1970-01-01 12:41:53.354616,1971-06-14 02:09:14.616,1
1970-01-01 00:51:55.971266035,9,5,44196,20,1970-01-01 12:42:15.319471,1971-06-14 08:15:19.471,1
1970-01-01 00:51:59.978881667,9,5,51249,20,1970-01-01 12:43:14.142087,1971-06-15 00:35:42.087,1
1970-01-01 00:52:00.150959953,9,5,51250,20,1970-01-01 12:43:16.667802,1971-06-15 01:17:47.802,2
1970-01-01 00:52:05.805202045,9,5,51294,20,1970-01-01 12:44:39.659122,1971-06-16 00:20:59.122,7
1970-01-01 00:52:12.148522590,9,5,51371,20,1970-01-01 12:46:12.764535,1971-06-17 02:12:44.535,8
1970-01-01 00:52:13.641142522,9,5,51423,21,1970-01-01 12:46:34.672776,1971-06-17 08:17:52.776,1
1970-01-01 00:52:16.012058788,9,5,51458,21,1970-01-01 12:47:09.472395,1971-06-17 17:57:52.395,2
1970-01-01 00:52:16.021303283,9,5,51459,21,1970-01-01 12:47:09.608083,1971-06-17 18:00:08.083,1
1970-01-01 00:52:16.762502812,9,5,51464,21,1970-01-01 12:47:20.487194,1971-06-17 21:01:27.194,1
1970-01-01 00:52:22.953113830,9,5,51569,21,1970-01-01 12:48:51.351181,1971-06-18 22:15:51.181,1
1970-01-01 00:52:23.527453667,9,5,51595,21,1970-01-01 12:48:59.781174,1971-06-19 00:36:21.174,1
1970-01-01 00:52:31.126877056,9,6,51767,22,1970-01-01 12:50:51.323299,1971-06-20 07:35:23.299,2
1970-01-01 00:53:00.307308431,9,6,51885,22,1970-01-01 12:57:59.625179,1971-06-25 06:33:45.179,2
1970-01-01 00:53:03.055676111,8,6,52014,22,1970-01-01 12:58:39.964920,1971-06-25 17:46:04.920,1
1970-01-01 00:53:07.838724067,8,6,52146,22,1970-01-01 12:59:50.169106,1971-06-26 13:16:09.106,1
1970-01-01 00:53:16.681480526,8,6,52337,22,1970-01-01 13:01:59.960512,1971-06-28 01:19:20.512,2
1970-01-01 00:53:25.768567215,8,6,52345,22,1970-01-01 13:04:13.338126,1971-06-29 14:22:18.126,2
1970-01-01 00:53:25.769148300,8,6,52349,22,1970-01-01 13:04:13.346655,1971-06-29 14:22:26.655,2
1970-01-01 00:53:25.777348422,8,6,52356,22,1970-01-01 13:04:13.467014,1971-06-29 14:24:27.014,2
1970-01-01 00:53:25.779229097,8,6,52370,22,1970-01-01 13:04:13.494618,1971-06-29 14:24:54.618,1
1970-01-01 00:53:33.267102447,8,6,52513,22,1970-01-01 13:06:03.399444,1971-06-30 20:56:39.444,2
1970-01-01 00:53:33.879252068,8,6,52561,23,1970-01-01 13:06:12.384398,1971-06-30 23:26:24.398,1
1970-01-01 00:53:38.925695695,8,6,52686,23,1970-01-01 13:07:26.454629,1971-07-01 20:00:54.629,1
1970-01-01 00:53:38.940829187,8,6,52688,23,1970-01-01 13:07:26.676754,1971-07-01 20:04:36.754,1
1970-01-01 00:53:39.687397266,8,6,52705,23,1970-01-01 13:07:37.634663,1971-07-01 23:07:14.663,1
1970-01-01 00:53:44.380165056,7,6,52722,23,1970-01-01 13:08:46.513743,1971-07-02 18:15:13.743,2
1970-01-01 00:53:45.208553874,7,6,52756,23,1970-01-01 13:08:58.672593,1971-07-02 21:37:52.593,1
1970-01-01 00:53:45.285379147,7,6,52764,23,1970-01-01 13:08:59.800212,1971-07-02 21:56:40.212,3
1970-01-01 00:53:45.367369055,7,6,52767,23,1970-01-01 13:09:01.003636,1971-07-02 22:16:43.636,3
1970-01-01 00:53:50.594435625,7,3,52830,23,1970-01-01 13:10:17.724998,1971-07-03 19:35:24.998,7
1970-01-01 00:54:13.659264896,7,6,53098,23,1970-01-01 13:15:56.263850,1971-07-07 17:37:43.850,1
1970-01-01 00:54:14.634429481,7,6,53123,23,1970-01-01 13:16:10.577032,1971-07-07 21:36:17.032,1
1970-01-01 00:54:14.888717327,7,6,53119,23,1970-01-01 13:16:14.309395,1971-07-07 22:38:29.395,1
1970-01-01 00:54:18.704513377,7,6,53193,24,1970-01-01 13:17:10.316539,1971-07-08 14:11:56.539,2
1970-01-01 00:54:21.594218645,7,6,53265,24,1970-01-01 13:17:52.730792,1971-07-09 01:58:50.792,1
1970-01-01 00:54:22.301351142,7,6,53258,24,1970-01-01 13:18:03.109877,1971-07-09 04:51:49.877,1
1970-01-01 00:54:22.301526782,7,6,53259,24,1970-01-01 13:18:03.112455,1971-07-09 04:51:52.455,1
1970-01-01 00:54:27.622902757,7,6,42006,24,1970-01-01 13:19:21.218063,1971-07-10 02:33:38.063,2
1970-01-01 00:54:27.814530756,7,6,53351,24,1970-01-01 13:19:24.030723,1971-07-10 03:20:30.723,1
1970-01-01 00:54:27.853265139,7,6,53352,24,1970-01-01 13:19:24.599255,1971-07-10 03:29:59.255,1
1970-01-01 00:54:27.913794613,7,6,53354,24,1970-01-01 13:19:25.487689,1971-07-10 03:44:47.689,1
1970-01-01 00:54:28.433424209,7,6,53364,24,1970-01-01 13:19:33.114661,1971-07-10 05:51:54.661,1
1970-01-01 00:54:28.441273595,7,6,53365,24,1970-01-01 13:19:33.229872,1971-07-10 05:53:49.872,1
1970-01-01 00:54:28.447809969,6,6,53367,24,1970-01-01 13:19:33.325811,1971-07-10 05:55:25.811,1
1970-01-01 00:54:28.503979294,6,6,53369,24,1970-01-01 13:19:34.150248,1971-07-10 06:09:10.248,1
1970-01-01 00:54:28.509767459,6,6,53371,24,1970-01-01 13:19:34.235205,1971-07-10 06:10:35.205,1
1970-01-01 00:54:28.518637440,6,6,53374,24,1970-01-01 13:19:34.365396,1971-07-10 06:12:45.396,1
1970-01-01 00:54:28.524522282,6,6,53375,24,1970-01-01 13:19:34.451772,1971-07-10 06:14:11.772,1
1970-01-01 00:54:28.563094310,6,6,53377,24,1970-01-01 13:19:35.017921,1971-07-10 06:23:37.921,1
1970-01-01 00:54:28.578064016,6,6,53380,24,1970-01-01 13:19:35.237642,1971-07-10 06:27:17.642,1
1970-01-01 00:54:28.588828026,6,6,53382,24,1970-01-01 13:19:35.395633,1971-07-10 06:29:55.633,1
1970-01-01 00:54:28.593672106,6,6,53383,24,1970-01-01 13:19:35.466733,1971-07-10 06:31:06.733,1
1970-01-01 00:54:28.598817187,6,6,53384,24,1970-01-01 13:19:35.542251,1971-07-10 06:32:22.251,1
1970-01-01 00:54:28.603330153,6,6,53385,24,1970-01-01 13:19:35.608491,1971-07-10 06:33:28.491,1
1970-01-01 00:54:28.631778734,6,6,53386,24,1970-01-01 13:19:36.026051,1971-07-10 06:40:26.051,1
1970-01-01 00:54:28.789860285,6,6,53396,24,1970-01-01 13:19:38.346326,1971-07-10 07:19:06.326,1
1970-01-01 00:54:28.812757932,6,6,53398,24,1970-01-01 13:19:38.682411,1971-07-10 07:24:42.411,1
1970-01-01 00:54:32.058165851,6,6,53430,24,1970-01-01 13:20:26.317564,1971-07-10 20:38:37.564,2
1970-01-01 00:54:32.429304427,6,3,53441,24,1970-01-01 13:20:31.765028,1971-07-10 22:09:25.028,8
1970-01-01 00:54:32.687697204,6,6,53448,24,1970-01-01 13:20:35.557642,1971-07-10 23:12:37.642,1
1970-01-01 00:54:32.722389744,6,6,53453,24,1970-01-01 13:20:36.066849,1971-07-10 23:21:06.849,1
1970-01-01 00:54:32.735924349,5,6,53454,25,1970-01-01 13:20:36.265506,1971-07-10 23:24:25.506,1
1970-01-01 00:54:33.467964956,5,6,53471,25,1970-01-01 13:20:47.010185,1971-07-11 02:23:30.185,1
1970-01-01 00:54:33.476976240,5,6,53472,25,1970-01-01 13:20:47.142450,1971-07-11 02:25:42.450,1
1970-01-01 00:54:33.486987135,5,6,53473,25,1970-01-01 13:20:47.289387,1971-07-11 02:28:09.387,1
1970-01-01 00:54:33.495300081,5,6,53474,25,1970-01-01 13:20:47.411402,1971-07-11 02:30:11.402,1
1970-01-01 00:54:33.502783810,5,6,53475,25,1970-01-01 13:20:47.521246,1971-07-11 02:32:01.246,1
1970-01-01 00:54:33.530656075,5,6,53476,25,1970-01-01 13:20:47.930347,1971-07-11 02:38:50.347,1
1970-01-01 00:54:33.546108010,5,6,53477,25,1970-01-01 13:20:48.157146,1971-07-11 02:42:37.146,1
1970-01-01 00:54:33.799817700,5,6,53481,25,1970-01-01 13:20:51.881023,1971-07-11 03:44:41.023,1
1970-01-01 00:54:33.813856812,5,6,53482,25,1970-01-01 13:20:52.087085,1971-07-11 03:48:07.085,1
1970-01-01 00:54:39.946131750,5,6,43406,25,1970-01-01 13:22:22.094832,1971-07-12 04:48:14.832,1
1970-01-01 00:54:49.550628411,5,6,53249,25,1970-01-01 13:24:43.066839,1971-07-13 19:57:46.839,2
1970-01-01 00:54:49.573635816,5,6,53601,25,1970-01-01 13:24:43.404535,1971-07-13 20:03:24.535,2
1970-01-01 00:54:50.405936143,5,6,53648,25,1970-01-01 13:24:55.620797,1971-07-13 23:27:00.797,1
1970-01-01 00:54:51.604554539,5,6,53682,25,1970-01-01 13:25:13.213769,1971-07-14 04:20:13.769,4
1970-01-01 00:54:52.346342920,5,6,53696,25,1970-01-01 13:25:24.101523,1971-07-14 07:21:41.523,4
1970-01-01 00:54:52.374807376,5,6,53697,25,1970-01-01 13:25:24.519316,1971-07-14 07:28:39.316,4
1970-01-01 00:55:08.333729925,5,6,53924,25,1970-01-01 13:29:18.759737,1971-07-17 00:32:39.737,1
1970-01-01 00:55:08.744788627,5,6,53932,25,1970-01-01 13:29:24.793137,1971-07-17 02:13:13.137,2
1970-01-01 00:55:09.014655743,5,6,53935,25,1970-01-01 13:29:28.754168,1971-07-17 03:19:14.168,4
1970-01-01 00:55:15.427808576,5,4,54053,25,1970-01-01 13:31:02.884559,1971-07-18 05:28:04.559,6
1970-01-01 00:55:22.309509872,5,6,54111,25,1970-01-01 13:32:43.892168,1971-07-19 09:31:32.168,2
1970-01-01 00:55:30.950245157,5,6,54196,25,1970-01-01 13:34:50.718366,1971-07-20 20:45:18.366,1
1970-01-01 00:55:30.952707531,5,6,54198,25,1970-01-01 13:34:50.754508,1971-07-20 20:45:54.508,1
1970-01-01 00:55:30.955590542,5,6,54197,25,1970-01-01 13:34:50.796824,1971-07-20 20:46:36.824,1
1970-01-01 00:55:31.383302524,5,6,54207,25,1970-01-01 13:34:57.074656,1971-07-20 22:31:14.656,1
1970-01-01 00:55:31.519375531,5,6,54211,25,1970-01-01 13:34:59.071896,1971-07-20 23:04:31.896,1
1970-01-01 00:55:31.527809477,4,6,54212,25,1970-01-01 13:34:59.195687,1971-07-20 23:06:35.687,1
1970-01-01 00:55:33.072770411,4,6,54255,25,1970-01-01 13:35:21.872174,1971-07-21 05:24:32.174,3
1970-01-01 00:55:43.413087764,4,6,54383,25,1970-01-01 13:37:53.644343,1971-07-22 23:34:04.343,1
1970-01-01 00:55:48.091731893,4,6,54419,25,1970-01-01 13:39:02.316120,1971-07-23 18:38:36.120,1
1970-01-01 00:55:50.250311207,4,6,54468,25,1970-01-01 13:39:33.999119,1971-07-24 03:26:39.119,2
1970-01-01 00:55:50.426287785,4,6,54469,25,1970-01-01 13:39:36.582052,1971-07-24 04:09:42.052,1
1970-01-01 00:55:56.439662218,4,6,54536,25,1970-01-01 13:41:04.844612,1971-07-25 04:40:44.612,3
1970-01-01 00:56:00.112959872,4,6,54556,25,1970-01-01 13:41:58.760206,1971-07-25 19:39:20.206,2
1970-01-01 00:56:03.007317705,4,6,54572,25,1970-01-01 13:42:41.242748,1971-07-26 07:27:22.748,1
1970-01-01 00:56:03.148133074,4,6,54574,25,1970-01-01 13:42:43.309595,1971-07-26 08:01:49.595,1
1970-01-01 00:56:03.152245705,4,6,54575,25,1970-01-01 13:42:43.369959,1971-07-26 08:02:49.959,2
1970-01-01 00:56:03.161799444,4,6,54577,25,1970-01-01 13:42:43.510186,1971-07-26 08:05:10.186,2
1970-01-01 00:56:06.284921726,4,6,54599,25,1970-01-01 13:43:29.350466,1971-07-26 20:49:10.466,2
1970-01-01 00:56:06.288718095,4,6,54600,25,1970-01-01 13:43:29.406188,1971-07-26 20:50:06.188,2
1970-01-01 00:56:06.292611550,4,6,54601,24,1970-01-01 13:43:29.463335,1971-07-26 20:51:03.335,2
1970-01-01 00:56:06.296150113,4,6,54602,24,1970-01-01 13:43:29.515273,1971-07-26 20:51:55.273,2
1970-01-01 00:56:06.301046994,4,6,54603,24,1970-01-01 13:43:29.587148,1971-07-26 20:53:07.148,2
1970-01-01 00:56:07.093716545,4,6,54615,24,1970-01-01 13:43:41.221721,1971-07-27 00:07:01.721,2
1970-01-01 00:56:07.197556525,4,6,54618,24,1970-01-01 13:43:42.745854,1971-07-27 00:32:25.854,2
1970-01-01 00:56:07.806484254,4,6,54628,24,1970-01-01 13:43:51.683518,1971-07-27 03:01:23.518,3
1970-01-01 00:56:08.400825714,4,6,54639,24,1970-01-01 13:44:00.407089,1971-07-27 05:26:47.089,2
1970-01-01 00:56:08.409171294,4,6,54641,24,1970-01-01 13:44:00.529583,1971-07-27 05:28:49.583,2
1970-01-01 00:56:08.414596187,4,6,54642,24,1970-01-01 13:44:00.609208,1971-07-27 05:30:09.208,2
1970-01-01 00:56:08.419498860,4,6,54643,24,1970-01-01 13:44:00.681168,1971-07-27 05:31:21.168,2
1970-01-01 00:56:11.105880503,4,6,54688,24,1970-01-01 13:44:40.111096,1971-07-27 16:28:31.096,2
1970-01-01 00:56:11.109165007,4,6,54689,24,1970-01-01 13:44:40.159305,1971-07-27 16:29:19.305,2
1970-01-01 00:56:11.112407067,4,6,54690,24,1970-01-01 13:44:40.206891,1971-07-27 16:30:06.891,2
1970-01-01 00:56:12.477581564,4,6,54722,23,1970-01-01 13:45:00.244525,1971-07-27 22:04:04.525,2
1970-01-01 00:56:12.532727091,4,6,54723,23,1970-01-01 13:45:01.053935,1971-07-27 22:17:33.935,2
1970-01-01 00:56:13.563636684,4,6,54749,23,1970-01-01 13:45:16.185326,1971-07-28 02:29:45.326,2
1970-01-01 00:56:13.566569567,4,6,54750,23,1970-01-01 13:45:16.228374,1971-07-28 02:30:28.374,2
1970-01-01 00:56:13.569171608,4,6,54751,23,1970-01-01 13:45:16.266566,1971-07-28 02:31:06.566,2
1970-01-01 00:56:13.572321214,4,6,54752,23,1970-01-01 13:45:16.312795,1971-07-28 02:31:52.795,2
1970-01-01 00:56:13.575019251,4,6,54753,23,1970-01-01 13:45:16.352396,1971-07-28 02:32:32.396,2
1970-01-01 00:56:15.325850120,4,6,54783,23,1970-01-01 13:45:42.050582,1971-07-28 09:40:50.582,2
1970-01-01 00:56:17.647367465,4,6,54798,23,1970-01-01 13:46:16.125138,1971-07-28 19:08:45.138,2
1970-01-01 00:56:18.689131340,4,6,54835,23,1970-01-01 13:46:31.415845,1971-07-28 23:23:35.845,2
1970-01-01 00:56:20.562908373,4,6,54917,23,1970-01-01 13:46:58.918599,1971-07-29 07:01:58.599,3
1970-01-01 00:56:20.984550265,4,6,54939,23,1970-01-01 13:47:05.107336,1971-07-29 08:45:07.336,2
1970-01-01 00:56:22.475402142,4,6,54942,23,1970-01-01 13:47:26.989626,1971-07-29 14:49:49.626,1
1970-01-01 00:56:23.832436473,4,6,54971,23,1970-01-01 13:47:46.907781,1971-07-29 20:21:47.781,1
1970-01-01 00:56:24.541502241,4,6,54991,23,1970-01-01 13:47:57.315242,1971-07-29 23:15:15.242,1
1970-01-01 00:56:24.681929402,4,6,54998,23,1970-01-01 13:47:59.376391,1971-07-29 23:49:36.391,1
1970-01-01 00:56:25.942960399,4,6,55028,22,1970-01-01 13:48:17.885437,1971-07-30 04:58:05.437,3
1970-01-01 00:56:29.358765483,4,6,55057,22,1970-01-01 13:49:08.021630,1971-07-30 18:53:41.630,2
1970-01-01 00:56:29.375784283,4,6,55059,22,1970-01-01 13:49:08.271427,1971-07-30 18:57:51.427,2
1970-01-01 00:56:29.953032613,4,6,55080,22,1970-01-01 13:49:16.744110,1971-07-30 21:19:04.110,1
1970-01-01 00:56:29.993430266,4,6,55081,22,1970-01-01 13:49:17.337055,1971-07-30 21:28:57.055,1
1970-01-01 00:56:30.487542597,4,6,55094,22,1970-01-01 13:49:24.589492,1971-07-30 23:29:49.492,1
1970-01-01 00:56:36.487959286,4,6,55218,22,1970-01-01 13:50:52.661862,1971-07-31 23:57:41.862,1
1970-01-01 00:56:36.883754979,4,6,55242,22,1970-01-01 13:50:58.471236,1971-08-01 01:34:31.236,2
1970-01-01 00:56:36.998469544,4,6,55249,22,1970-01-01 13:51:00.154983,1971-08-01 02:02:34.983,1
1970-01-01 00:56:47.425148809,4,5,55380,21,1970-01-01 13:53:33.194747,1971-08-02 20:33:14.747,1
1970-01-01 00:57:02.049730963,4,5,55603,21,1970-01-01 13:57:07.850108,1971-08-05 08:10:50.108,1
1970-01-01 00:57:07.295889205,4,5,55704,21,1970-01-01 13:58:24.851692,1971-08-06 05:34:11.692,1
1970-01-01 00:57:07.442350414,4,5,55706,21,1970-01-01 13:58:27.001407,1971-08-06 06:10:01.407,1
1970-01-01 00:57:07.787303635,4,5,55710,21,1970-01-01 13:58:32.064530,1971-08-06 07:34:24.530,1
1970-01-01 00:57:09.747684238,4,5,55717,20,1970-01-01 13:59:00.838426,1971-08-06 15:33:58.426,1
1970-01-01 00:57:11.024471917,4,5,55751,20,1970-01-01 13:59:19.578744,1971-08-06 20:46:18.744,1
1970-01-01 00:57:12.181633230,4,5,55812,20,1970-01-01 13:59:36.563221,1971-08-07 01:29:23.221,1
1970-01-01 00:57:12.494563947,4,5,55826,20,1970-01-01 13:59:41.156327,1971-08-07 02:45:56.327,2
1970-01-01 00:57:16.718392068,4,5,55884,20,1970-01-01 14:00:43.152447,1971-08-07 19:59:12.447,1
1970-01-01 00:57:16.950706389,4,5,55894,20,1970-01-01 14:00:46.562289,1971-08-07 20:56:02.289,1
1970-01-01 00:57:17.114537884,4,5,55895,19,1970-01-01 14:00:48.966960,1971-08-07 21:36:06.960,1
1970-01-01 00:57:17.735630249,4,5,55909,19,1970-01-01 14:00:58.083173,1971-08-08 00:08:03.173,1
1970-01-01 00:57:17.905356329,4,5,55911,19,1970-01-01 14:01:00.574363,1971-08-08 00:49:34.363,1
1970-01-01 00:57:23.388498285,4,5,56000,19,1970-01-01 14:02:21.054325,1971-08-08 23:10:54.325,1
1970-01-01 00:57:25.942887735,4,5,56020,19,1970-01-01 14:02:58.546910,1971-08-09 09:35:46.910,1
1970-01-01 00:57:26.217695064,4,5,56025,19,1970-01-01 14:03:02.580452,1971-08-09 10:43:00.452,1
1970-01-01 00:57:35.783721211,4,4,56159,18,1970-01-01 14:05:22.987800,1971-08-11 01:43:07.800,1
1970-01-01 00:57:36.089521660,4,4,56166,18,1970-01-01 14:05:27.476250,1971-08-11 02:57:56.250,1
1970-01-01 00:57:36.385915123,4,4,56182,18,1970-01-01 14:05:31.826627,1971-08-11 04:10:26.627,1
1970-01-01 00:57:36.697542640,4,4,56194,18,1970-01-01 14:05:36.400605,1971-08-11 05:26:40.605,1
1970-01-01 00:57:37.090400885,3,4,56209,18,1970-01-01 14:05:42.166864,1971-08-11 07:02:46.864,1
1970-01-01 00:57:37.392657797,3,4,56221,18,1970-01-01 14:05:46.603303,1971-08-11 08:16:43.303,1
1970-01-01 00:57:40.136908894,3,4,56253,18,1970-01-01 14:06:26.882622,1971-08-11 19:28:02.622,1
1970-01-01 00:57:40.667855992,3,4,56279,17,1970-01-01 14:06:34.675709,1971-08-11 21:37:55.709,1
1970-01-01 00:57:40.719285476,3,4,56273,17,1970-01-01 14:06:35.430576,1971-08-11 21:50:30.576,2
1970-01-01 00:57:40.762520562,3,4,56284,17,1970-01-01 14:06:36.065168,1971-08-11 22:01:05.168,1
1970-01-01 00:57:41.033840084,3,4,56289,17,1970-01-01 14:06:40.047517,1971-08-11 23:07:27.517,1
1970-01-01 00:57:41.352255854,3,4,56291,17,1970-01-01 14:06:44.721131,1971-08-12 00:25:21.131,1
1970-01-01 00:57:41.612090137,3,4,56306,17,1970-01-01 14:06:48.534903,1971-08-12 01:28:54.903,1
1970-01-01 00:57:41.855657236,3,4,56326,17,1970-01-01 14:06:52.109910,1971-08-12 02:28:29.910,3
1970-01-01 00:57:41.922303264,3,4,56331,17,1970-01-01 14:06:53.088121,1971-08-12 02:44:48.121,1
1970-01-01 00:57:41.995601215,3,4,56332,16,1970-01-01 14:06:54.163967,1971-08-12 03:02:43.967,3
1970-01-01 00:57:43.101894644,3,4,56359,16,1970-01-01 14:07:10.401820,1971-08-12 07:33:21.820,1
1970-01-01 00:57:46.426504569,3,4,56396,16,1970-01-01 14:07:59.199477,1971-08-12 21:06:39.477,2
1970-01-01 00:57:48.460453806,3,4,56454,16,1970-01-01 14:08:29.053192,1971-08-13 05:24:13.192,2
1970-01-01 00:57:51.926996440,3,4,56513,16,1970-01-01 14:09:19.934096,1971-08-13 19:32:14.096,1
1970-01-01 00:57:53.293800280,3,4,56617,16,1970-01-01 14:09:39.995645,1971-08-14 01:06:35.645,1
1970-01-01 00:57:53.509816962,3,4,56627,15,1970-01-01 14:09:43.166275,1971-08-14 01:59:26.275,1
1970-01-01 00:57:53.624425107,3,4,56631,15,1970-01-01 14:09:44.848460,1971-08-14 02:27:28.460,1
1970-01-01 00:57:58.383748243,3,4,56741,15,1970-01-01 14:10:54.704420,1971-08-14 21:51:44.420,1
1970-01-01 00:57:58.497297572,3,4,56743,15,1970-01-01 14:10:56.371064,1971-08-14 22:19:31.064,1
1970-01-01 00:57:58.615400540,3,4,56757,15,1970-01-01 14:10:58.104545,1971-08-14 22:48:24.545,1
1970-01-01 00:58:10.018864398,3,4,56855,15,1970-01-01 14:13:45.481269,1971-08-16 21:18:01.269,2
1970-01-01 00:58:15.163030564,3,4,56899,15,1970-01-01 14:15:00.985843,1971-08-17 18:16:25.843,1
1970-01-01 00:58:15.402519983,3,4,56902,14,1970-01-01 14:15:04.500999,1971-08-17 19:15:00.999,1
1970-01-01 00:58:15.539963231,3,4,56908,14,1970-01-01 14:15:06.518351,1971-08-17 19:48:38.351,2
1970-01-01 00:58:16.296832168,3,4,56923,14,1970-01-01 14:15:17.627453,1971-08-17 22:53:47.453,1
1970-01-01 00:58:16.533004176,3,4,56929,14,1970-01-01 14:15:21.093917,1971-08-17 23:51:33.917,1
1970-01-01 00:58:16.915383333,3,4,56943,14,1970-01-01 14:15:26.706367,1971-08-18 01:25:06.367,1
1970-01-01 00:58:17.996580747,3,4,56978,14,1970-01-01 14:15:42.575868,1971-08-18 05:49:35.868,1
1970-01-01 00:58:20.953560343,3,4,56987,14,1970-01-01 14:16:25.977554,1971-08-18 17:52:57.554,1
1970-01-01 00:58:21.031309125,3,4,56988,14,1970-01-01 14:16:27.118728,1971-08-18 18:11:58.728,1
1970-01-01 00:58:21.211418568,3,4,56994,14,1970-01-01 14:16:29.762322,1971-08-18 18:56:02.322,1
1970-01-01 00:58:21.403531452,3,4,57000,14,1970-01-01 14:16:32.582099,1971-08-18 19:43:02.099,1
1970-01-01 00:58:22.994104886,3,4,57035,14,1970-01-01 14:16:55.928073,1971-08-19 02:12:08.073,1
1970-01-01 00:58:23.890359336,3,4,57058,14,1970-01-01 14:17:09.083035,1971-08-19 05:51:23.035,1
1970-01-01 00:58:24.283630861,3,4,57092,14,1970-01-01 14:17:14.855360,1971-08-19 07:27:35.360,1
1970-01-01 00:58:29.031023390,3,4,57192,14,1970-01-01 14:18:24.536206,1971-08-20 02:48:56.206,1
1970-01-01 00:58:31.992006607,3,4,57229,14,1970-01-01 14:19:07.996656,1971-08-20 14:53:16.656,2
1970-01-01 00:58:34.931239768,3,4,57315,15,1970-01-01 14:19:51.137865,1971-08-21 02:52:17.865,1
1970-01-01 00:58:42.240918074,3,4,57401,15,1970-01-01 14:21:38.427196,1971-08-22 08:40:27.196,1
1970-01-01 00:58:58.706654527,3,4,57537,15,1970-01-01 14:25:40.106484,1971-08-25 03:48:26.484,1
1970-01-01 00:58:59.077412116,3,4,57563,15,1970-01-01 14:25:45.548356,1971-08-25 05:19:08.356,1
1970-01-01 00:58:59.764955997,3,4,57572,15,1970-01-01 14:25:55.639925,1971-08-25 08:07:19.925,1
1970-01-01 00:59:03.186793699,3,4,57686,15,1970-01-01 14:26:45.864663,1971-08-25 22:04:24.663,1
1970-01-01 00:59:04.307789830,3,4,57733,15,1970-01-01 14:27:02.318318,1971-08-26 02:38:38.318,1
1970-01-01 00:59:07.274951328,3,4,57826,15,1970-01-01 14:27:45.869451,1971-08-26 14:44:29.451,1
1970-01-01 00:59:09.319346813,3,4,57877,15,1970-01-01 14:28:15.876493,1971-08-26 23:04:36.493,1
1970-01-01 00:59:09.717520739,3,4,57895,15,1970-01-01 14:28:21.720774,1971-08-27 00:42:00.774,1
1970-01-01 00:59:09.859976009,3,4,57896,15,1970-01-01 14:28:23.811691,1971-08-27 01:16:51.691,1
1970-01-01 00:59:12.436922181,3,4,57952,15,1970-01-01 14:29:01.635357,1971-08-27 11:47:15.357,1
1970-01-01 00:59:21.877727627,3,4,58203,15,1970-01-01 14:31:20.204752,1971-08-29 02:16:44.752,6
1970-01-01 00:59:23.761517871,3,4,58312,14,1970-01-01 14:31:47.854477,1971-08-29 09:57:34.477,1
1970-01-01 00:59:27.457338318,3,4,58377,14,1970-01-01 14:32:42.100654,1971-08-30 01:01:40.654,1
1970-01-01 00:59:38.852248933,3,4,42053,14,1970-01-01 14:35:29.351836,1971-08-31 23:29:11.836,2
1970-01-01 00:59:38.926124767,3,3,58518,13,1970-01-01 14:35:30.436164,1971-08-31 23:47:16.164,1
1970-01-01 00:59:39.448979594,3,3,58523,13,1970-01-01 14:35:38.110475,1971-09-01 01:55:10.475,1
1970-01-01 00:59:39.449784080,3,3,58522,12,1970-01-01 14:35:38.122283,1971-09-01 01:55:22.283,1
1970-01-01 00:59:39.769325842,3,3,58525,12,1970-01-01 14:35:42.812424,1971-09-01 03:13:32.424,1
1970-01-01 00:59:45.430642335,3,3,58591,11,1970-01-01 14:37:05.907580,1971-09-02 02:18:27.580,1
1970-01-01 00:59:48.538794229,3,2,58643,10,1970-01-01 14:37:51.528129,1971-09-02 14:58:48.129,1
1970-01-01 00:59:55.903113147,3,2,58821,10,1970-01-01 14:39:39.619459,1971-09-03 21:00:19.459,1
1970-01-01 00:59:56.913726997,3,2,58867,9,1970-01-01 14:39:54.452955,1971-09-04 01:07:32.955,3
1970-01-01 00:59:57.264468656,3,2,58897,8,1970-01-01 14:39:59.601039,1971-09-04 02:33:21.039,3
1970-01-01 00:59:57.804099262,3,2,58898,7,1970-01-01 14:40:07.521580,1971-09-04 04:45:21.580,3
1970-01-01 00:59:58.200549825,3,2,58901,7,1970-01-01 14:40:13.340566,1971-09-04 06:22:20.566,3
1970-01-01 00:59:59.067159186,3,2,58934,6,1970-01-01 14:40:26.060406,1971-09-04 09:54:20.406,1
1970-01-01 00:59:59.973745970,3,1,58946,5,1970-01-01 14:40:39.367023,1971-09-04 13:36:07.023,1
1970-01-01 00:59:59.994569724,3,1,58945,4,1970-01-01 14:40:39.672668,1971-09-04 13:41:12.668,1
1970-01-01 01:00:00.000000000,3,1,58947,3,1970-01-01 14:40:39.752372,1971-09-04 13:42:32.372,1
